model_id,family,scale_tier,params_billions,architecture,eval_status,datasets,protocol,parse_rate,spearman_rho,accuracy,cohen_kappa,reliability_verdict,source_anchor
deepseek-r1:1.5b,F4_DeepSeek,S1_<7B,1.8,dense,EVALUATED,DBE-KT22,E1-A(schema enum+锚定)/E1-B(枚举数组+BT),1.000,-0.0088,0.1887,-0.0215,"E1-A ρ=-0.0088 95%CI[-0.1441, 0.1212]（本脚本自算）；CI 含零·不显著；预测分布 1:4.7%/2:15.1%/3:80.2%；E1-B 有效批 94/108（⚠ 覆盖率 87%，ρ 不得与满批单元格并列比较），ρ=0.0591；失败模式 drop_one_item=8,too_few_items=4,free_text_or_empty=2；【协议可用性门禁】E1-A unusable：众数占比 80.2% > 80%（等级塌缩）；E1-B 覆盖率 87% < 90%，ρ(E1-B) 不得与满批单元格并列比较",results/m3/local_matrix.jsonl; results/m3/local_matrix.json
deepseek-v2:16b,F4_DeepSeek,S2_7-30B,15.7,dense,EVALUATED,DBE-KT22,E1-A(schema enum+锚定)/E1-B(枚举数组+BT),1.000,0.2521,0.4057,0.1132,"E1-A ρ=0.2521 95%CI[0.1380, 0.3617]（本脚本自算）；显著；预测分布 1:38.2%/2:25.9%/3:35.8%；E1-B 有效批 96/108（⚠ 覆盖率 89%，ρ 不得与满批单元格并列比较）；失败模式 free_text_or_empty=6,drop_one_item=4,duplicate_or_extra=1,too_few_items=1；【协议可用性门禁】E1-A usable（解析 + 方差 两条满足）；E1-B 覆盖率 89% < 90%，ρ(E1-B) 不得与满批单元格并列比较",results/m3/local_matrix.jsonl; results/m3/local_matrix.json
llama3.1:8b,F2_Llama,S2_7-30B,8.0,dense,EVALUATED,DBE-KT22,E1-A(schema enum+锚定)/E1-B(枚举数组+BT),1.000,0.2430,0.5142,0.2327,"E1-A ρ=0.2430 95%CI[0.0863, 0.3809]（本脚本自算）；显著；预测分布 1:26.4%/2:55.7%/3:17.9%；E1-B 有效批 93/108（⚠ 覆盖率 86%，ρ 不得与满批单元格并列比较），ρ=0.1081；失败模式 drop_one_item=15；【协议可用性门禁】E1-A usable（解析 + 方差 两条满足）；E1-B 覆盖率 86% < 90%，ρ(E1-B) 不得与满批单元格并列比较；⚠ AUDITED_DIVERGENCE: 自算 ρ=0.2430 CI[0.0863, 0.3809] vs AUDITED ρ=0.2430 CI[0.1258, 0.3511]（Δρ=0.0000，ΔCI 端点=0.0395/0.0298）","results/m3/local_matrix.jsonl; results/m3/local_matrix.json | AUDITED_DIVERGENCE: 自算 ρ=0.2430 CI[0.0863, 0.3809] vs AUDITED ρ=0.2430 CI[0.1258, 0.3511]（Δρ=0.0000，ΔCI 端点=0.0395/0.0298）"
llama3.2:1b,F2_Llama,S1_<7B,1.2,dense,EVALUATED,DBE-KT22,E1-A(schema enum+锚定)/E1-B(枚举数组+BT),1.000,-0.0337,0.3349,-0.0233,"E1-A ρ=-0.0337 95%CI[-0.1711, 0.0925]（本脚本自算）；CI 含零·不显著；预测分布 1:16.0%/2:61.3%/3:22.6%；E1-B 有效批 36/108（⚠ 覆盖率 33%，ρ 不得与满批单元格并列比较），ρ=-0.0574；失败模式 drop_one_item=45,free_text_or_empty=16,too_few_items=10,duplicate_or_extra=1；【协议可用性门禁】E1-A usable（解析 + 方差 两条满足）；E1-B 覆盖率 33% < 90%，ρ(E1-B) 不得与满批单元格并列比较；⚠ AUDITED_DIVERGENCE: 自算 ρ=-0.0337 CI[-0.1711, 0.0925] vs AUDITED ρ=-0.0337 CI[-0.1597, 0.0875]（Δρ=0.0000，ΔCI 端点=0.0114/0.0050）","results/m3/local_matrix.jsonl; results/m3/local_matrix.json | AUDITED_DIVERGENCE: 自算 ρ=-0.0337 CI[-0.1711, 0.0925] vs AUDITED ρ=-0.0337 CI[-0.1597, 0.0875]（Δρ=0.0000，ΔCI 端点=0.0114/0.0050）"
mistral:7b,F3_Mistral,S2_7-30B,7.2,dense,EVALUATED,DBE-KT22,E1-A(schema enum+锚定)/E1-B(枚举数组+BT),1.000,0.2085,0.4292,0.0286,"E1-A ρ=0.2085 95%CI[0.0539, 0.3407]（本脚本自算）；显著；预测分布 1:75.0%/2:15.6%/3:9.4%；E1-B 有效批 96/108（⚠ 覆盖率 89%，ρ 不得与满批单元格并列比较）；失败模式 duplicate_or_extra=9,drop_one_item=3；【协议可用性门禁】E1-A usable（解析 + 方差 两条满足）；E1-B 覆盖率 89% < 90%，ρ(E1-B) 不得与满批单元格并列比较",results/m3/local_matrix.jsonl; results/m3/local_matrix.json
qwen36:latest,F1_Qwen,S3_30-70B,34.7,MoE (Qwen3.6-35B-A3B),EVALUATED,DBE-KT22,E1-A(schema enum+锚定)/E1-B(枚举数组+BT),1.000,0.1744,0.4434,0.0927,"E1-A ρ=0.1744 95%CI[0.0255, 0.3017]（本脚本自算）；显著；预测分布 1:62.3%/2:20.3%/3:17.5%；E1-B 有效批 90/108（⚠ 覆盖率 83%，ρ 不得与满批单元格并列比较）；失败模式 drop_one_item=13,too_few_items=5；【协议可用性门禁】E1-A usable（解析 + 方差 两条满足）；E1-B 覆盖率 83% < 90%，ρ(E1-B) 不得与满批单元格并列比较",results/m3/local_matrix.jsonl; results/m3/local_matrix.json
qwen3:1.7b,F1_Qwen,S1_<7B,2.0,dense,EVALUATED,DBE-KT22,E1-A(schema enum+锚定)/E1-B(枚举数组+BT),1.000,0.1072,0.4057,0.0163,"E1-A ρ=0.1072 95%CI[-0.0446, 0.2101]（本脚本自算）；CI 含零·不显著；⚠ 等级塌缩（众数占比 98.1%，熵 0.150 bit，判别方差近乎为零，ρ 不得与正常方差模型等权并列）；预测分布 1:1.4%/2:98.1%/3:0.5%；E1-B 有效批 83/108（⚠ 覆盖率 77%，ρ 不得与满批单元格并列比较），ρ=-0.0671；失败模式 too_few_items=17,duplicate_or_extra=4,drop_one_item=4；【协议可用性门禁】E1-A unusable：归一化熵 0.095 < 0.5；众数占比 98.1% > 80%（等级塌缩）；E1-B 覆盖率 77% < 90%，ρ(E1-B) 不得与满批单元格并列比较；⚠ AUDITED_DIVERGENCE: 自算 ρ=0.1072 CI[-0.0446, 0.2101] vs AUDITED ρ=0.1072 CI[-0.0288, 0.2095]（Δρ=0.0000，ΔCI 端点=0.0158/0.0006）","results/m3/local_matrix.jsonl; results/m3/local_matrix.json | AUDITED_DIVERGENCE: 自算 ρ=0.1072 CI[-0.0446, 0.2101] vs AUDITED ρ=0.1072 CI[-0.0288, 0.2095]（Δρ=0.0000，ΔCI 端点=0.0158/0.0006）"
qwen3:8b,F1_Qwen,S2_7-30B,8.2,dense,EVALUATED,DBE-KT22,E1-A(schema enum+锚定)/E1-B(枚举数组+BT),1.000,0.0849,0.3396,0.0687,"E1-A ρ=0.0849 95%CI[-0.0729, 0.2009]（本脚本自算）；CI 含零·不显著；预测分布 1:0.5%/2:55.7%/3:43.9%；E1-B 有效批 102/108（⚠ 覆盖率 94%，ρ 不得与满批单元格并列比较）；失败模式 drop_one_item=6；【协议可用性门禁】E1-A usable（解析 + 方差 两条满足）；E1-B 覆盖充分（ρ 可并列比较）",results/m3/local_matrix.jsonl; results/m3/local_matrix.json
ministral-3:3b,F3_Mistral,S1_<7B,3.8,dense,EVALUATED,DBE-KT22,E1-A(schema enum+锚定)/E1-B(枚举数组+BT),1.000,0.2033,0.3066,0.0840,"E1-A ρ=0.2033 95%CI[0.0849, 0.3268]（本脚本自算）；显著；预测分布 1:0.0%/2:36.3%/3:63.7%（注：本模型未输出等级1，但 2/3 双峰有判别方差）；E1-B 有效批 92/108（⚠ 覆盖率 85% < 90%，ρ 不得与满批单元格并列比较），ρ=0.0811（CI[-0.0506, 0.2142]，不显著）；失败模式 16 批 E1-B 解析失败（含 retry 3 轮零修复）；【协议可用性门禁】E1-A usable（解析 + 方差 两条满足）；E1-B 覆盖率 85% < 90%，ρ(E1-B) 不得与满批单元格并列比较；量化 Q4_K_M（与锚点 qwen36 IQ3_S 错配，方案A §4 已知）",results/m3/local_matrix_ministral.jsonl; results/m3/local_matrix_ministral.json
mixtral:8x7b,F3_Mistral,S3_30-70B,46.7,MoE,EVALUATED,DBE-KT22,E1-A(schema enum+锚定)/E1-B(枚举数组+BT),1.000,0.1406,0.4151,0.0973,"E1-A ρ=0.1406 95%CI[0.0061, 0.2588]（本脚本自算）；显著；预测分布 1:37.3%/2:36.3%/3:26.4%；E1-B 有效批 89/108（⚠ 覆盖率 82% < 90%，ρ 不得与满批单元格并列比较），ρ=0.1425（p=0.038 显著，但覆盖率不足）；失败模式 19 批 E1-B 解析失败（含 retry 3 轮零修复）；【协议可用性门禁】E1-A usable（解析 + 方差 两条满足）；E1-B 覆盖率 82% < 90%，ρ(E1-B) 不得与满批单元格并列比较；量化 Q4_0（非 Q4_K_M，与矩阵其余 Q4_K_M / 锚点 IQ3_S 均错配，方案A §4 已知）",results/m3/local_matrix_mixtral_r1.jsonl; results/m3/local_matrix_mixtral_r1.json
deepseek-r1:32b,F4_DeepSeek,S3_30-70B,32.8,dense,EVALUATED,DBE-KT22,E1-A(schema enum+锚定)/E1-B(枚举数组+BT),1.000,0.0891,0.4057,0.0140,"E1-A ρ=0.0891 95%CI[-0.0367, 0.1698]（本脚本自算）；CI 含零·不显著；预测分布 1:1.9%/2:98.1%/3:0.0%（⚠ 严重等级塌缩：众数占比 98.1% > 80%，归一化熵极低，E1-A 不可用）；E1-B 有效批 108/108（覆盖率 100%、ρ=0.1906 p=0.0054 显著，可用）；⚠ F4_S3 此前因 15.8GB RAM 被判不可行，本机升级 32GB RAM 后复跑成功；量化 Q4_K_M（与锚点 qwen36 IQ3_S 错配，方案A §4 已知）；R1-Distill 基座为 Qwen2.5（lineage 见方案 §2 F4 注，族内归类仍归 F4）",results/m3/local_matrix_mixtral_r1.jsonl; results/m3/local_matrix_mixtral_r1.json
