policy,seed,err_rate,rounds_to_target,cum_time,final_gain,final_regret
eps-greedy,0,0.120767,40,182.666667,3.656706,3.352694
eps-greedy,1,0.813838,121,229.111111,0.311155,5.432736
eps-greedy,2,0.156716,32,225.777778,5.051053,1.973926
eps-greedy,3,0.125362,31,247.333333,5.151480,1.873471
eps-greedy,4,0.723268,121,211.333333,0.880328,5.257853
eps-greedy,5,0.137838,29,250.888889,5.657992,1.343819
eps-greedy,6,0.872998,121,211.333333,0.021406,3.961771
eps-greedy,7,0.290942,64,173.111111,2.550443,4.279869
eps-greedy,8,0.245169,44,250.222222,5.186130,1.812648
eps-greedy,9,0.256778,62,186.666667,3.164533,3.696281
eps-greedy,10,0.386663,74,219.777778,3.566370,3.059021
eps-greedy,11,0.409974,59,250.000000,4.280658,2.329200
eps-greedy,12,0.890899,121,291.111111,0.627186,3.490949
eps-greedy,13,0.400709,73,255.555556,3.312623,3.141634
eps-greedy,14,0.322742,52,249.333333,4.916918,1.591336
eps-greedy,15,0.900158,121,239.111111,0.019979,4.434676
eps-greedy,16,0.256645,64,200.444444,3.029084,3.520986
eps-greedy,17,0.111463,34,220.888889,4.536056,2.483590
eps-greedy,18,0.241604,55,204.222222,3.324594,3.606207
eps-greedy,19,0.356234,66,208.666667,2.917924,3.702017
eps-greedy,20,0.435261,87,206.222222,2.558641,3.854115
eps-greedy,21,0.376499,88,160.444444,2.015140,4.048026
eps-greedy,22,0.071640,31,176.222222,3.373848,3.645156
eps-greedy,23,0.375275,72,211.333333,3.155460,3.629575
eps-greedy,24,0.721674,121,210.000000,1.069367,3.544215
eps-greedy,25,0.145231,40,232.888889,4.944402,2.067443
eps-greedy,26,0.231924,32,260.222222,5.284935,1.743893
eps-greedy,27,0.351335,65,228.444444,3.366224,3.425462
eps-greedy,28,0.194147,52,192.444444,3.090818,3.670593
eps-greedy,29,0.202930,32,247.333333,5.660478,1.196850
eps-greedy,30,0.527957,97,199.333333,1.721641,4.467976
eps-greedy,31,0.194257,43,242.888889,5.715877,1.182061
eps-greedy,32,0.235644,52,192.222222,2.817098,4.145822
eps-greedy,33,0.549592,94,197.777778,1.848899,3.517251
eps-greedy,34,0.140022,27,252.444444,5.247439,1.768001
eps-greedy,35,0.219362,65,144.666667,2.545082,3.870959
eps-greedy,36,0.527708,95,205.111111,2.443124,3.092510
eps-greedy,37,0.088882,40,162.444444,3.146594,3.825630
eps-greedy,38,0.232822,39,250.666667,5.550670,1.473057
eps-greedy,39,0.358599,85,182.888889,2.257239,4.217554
eps-greedy,40,0.064928,39,177.777778,3.760909,3.260991
eps-greedy,41,0.480007,99,200.000000,1.745816,4.605643
eps-greedy,42,0.858571,121,218.000000,0.094227,4.838456
eps-greedy,43,0.108934,30,239.777778,5.200797,1.819977
eps-greedy,44,0.369948,66,239.555556,3.811008,2.990988
eps-greedy,45,0.349526,48,263.111111,4.549200,2.318345
eps-greedy,46,0.150921,39,210.444444,4.381032,2.615275
eps-greedy,47,0.386104,83,179.333333,2.169670,4.347591
eps-greedy,48,0.362857,62,235.555556,3.685846,2.895832
eps-greedy,49,0.236484,49,232.222222,4.251612,2.595285
eps-greedy,50,0.381339,73,195.777778,2.249535,3.982096
eps-greedy,51,0.478233,89,236.666667,2.793096,3.141754
eps-greedy,52,0.217239,48,228.888889,4.051224,2.927087
eps-greedy,53,0.293935,61,197.333333,2.748360,3.775178
eps-greedy,54,0.276974,58,203.111111,3.922308,2.906878
eps-greedy,55,0.349568,71,223.555556,3.584852,2.736317
eps-greedy,56,0.114820,49,146.000000,3.266293,3.645671
eps-greedy,57,0.555071,103,220.222222,1.840456,3.887037
eps-greedy,58,0.296443,58,212.888889,2.834224,3.635480
eps-greedy,59,0.262547,63,202.444444,2.827264,3.743645
thompson,0,0.084351,49,131.777778,2.933472,4.039982
thompson,1,0.078417,35,169.777778,3.198647,3.818367
thompson,2,0.070641,33,165.333333,3.251259,3.765511
thompson,3,0.101964,44,186.888889,3.541607,3.467271
thompson,4,0.089601,39,147.777778,3.151304,3.869686
thompson,5,0.078522,36,151.333333,3.198435,3.739271
thompson,6,0.083822,44,132.000000,2.934769,3.992122
thompson,7,0.073217,37,145.555556,3.174071,3.828611
thompson,8,0.086515,41,174.666667,3.394578,3.621840
thompson,9,0.083266,48,135.777778,2.901159,4.067191
thompson,10,0.088855,43,138.222222,3.018456,3.843793
thompson,11,0.142836,35,241.555556,5.231766,1.782893
thompson,12,0.087711,43,133.555556,3.052958,3.787300
thompson,13,0.089918,26,196.000000,3.651979,3.328486
thompson,14,0.323134,28,295.777778,6.085862,0.865276
thompson,15,0.083250,45,142.666667,2.947400,4.038216
thompson,16,0.090308,47,132.222222,2.909032,3.975392
thompson,17,0.086183,40,148.222222,2.994434,4.028175
thompson,18,0.081760,43,138.000000,2.931518,4.031691
thompson,19,0.081144,43,145.333333,3.028680,3.994012
thompson,20,0.085405,45,130.000000,3.011115,3.888384
thompson,21,0.115096,49,152.444444,3.235590,3.609379
thompson,22,0.115530,28,223.111111,3.988440,3.024335
thompson,23,0.079160,42,131.777778,2.906105,4.085570
thompson,24,0.078308,37,154.444444,3.236974,3.724548
thompson,25,0.090375,40,154.444444,3.014426,3.990779
thompson,26,0.093032,25,200.666667,3.715448,3.302923
thompson,27,0.076981,37,159.777778,3.150871,3.859623
thompson,28,0.081413,42,137.555556,2.914626,4.058318
thompson,29,0.085156,39,134.444444,3.063303,3.799879
thompson,30,0.080620,39,154.444444,3.191627,3.792494
thompson,31,0.091821,36,173.333333,3.333438,3.595255
thompson,32,0.089751,30,191.555556,3.522411,3.507359
thompson,33,0.106698,48,138.000000,2.984443,3.846853
thompson,34,0.101298,29,212.888889,3.945479,3.053912
thompson,35,0.086515,46,130.666667,2.957798,3.943169
thompson,36,0.126617,32,224.444444,4.148123,2.812263
thompson,37,0.095214,31,189.777778,3.487552,3.492947
thompson,38,0.147537,28,250.666667,5.284829,1.745310
thompson,39,0.101207,29,190.444444,3.547997,3.288502
thompson,40,0.072679,37,157.555556,3.240064,3.745921
thompson,41,0.098069,41,152.222222,3.000228,3.995328
thompson,42,0.082030,31,192.888889,3.574663,3.444208
thompson,43,0.098330,29,220.222222,4.152719,2.868869
thompson,44,0.094004,34,186.444444,3.760684,3.269278
thompson,45,0.080285,44,134.444444,3.018680,3.974894
thompson,46,0.078382,36,160.000000,3.163279,3.835667
thompson,47,0.149350,33,247.555556,5.201487,1.802025
thompson,48,0.127587,42,201.111111,4.215715,2.767844
thompson,49,0.175564,40,217.555556,4.837364,2.163270
thompson,50,0.091114,47,131.333333,2.956483,3.938744
thompson,51,0.086130,45,131.333333,2.918407,3.980045
thompson,52,0.216288,33,269.333333,6.057127,0.938104
thompson,53,0.106078,38,207.333333,3.875655,3.122176
thompson,54,0.086289,42,164.000000,3.366823,3.660260
thompson,55,0.099512,45,152.666667,3.438761,3.478298
thompson,56,0.084719,46,134.444444,3.016779,3.920105
thompson,57,0.160903,46,180.888889,3.730093,3.214525
thompson,58,0.091666,34,164.222222,3.119920,3.794726
thompson,59,0.113921,42,185.555556,3.868120,3.068945
lipschitz-ucb,0,0.207061,31,251.111111,4.884107,2.138745
lipschitz-ucb,1,0.215742,32,251.333333,4.664042,2.359284
lipschitz-ucb,2,0.222983,32,250.888889,4.824449,2.206153
lipschitz-ucb,3,0.212339,38,244.222222,4.454151,2.567349
lipschitz-ucb,4,0.191708,27,251.777778,4.922806,2.104389
lipschitz-ucb,5,0.201525,25,253.333333,5.380692,1.623516
lipschitz-ucb,6,0.231440,36,245.777778,4.420251,2.578151
lipschitz-ucb,7,0.196005,26,257.111111,5.568157,1.459438
lipschitz-ucb,8,0.214882,28,253.555556,4.913005,2.108655
lipschitz-ucb,9,0.214475,32,250.222222,4.779746,2.233395
lipschitz-ucb,10,0.243724,31,253.111111,4.906545,2.025731
lipschitz-ucb,11,0.250686,33,261.111111,5.584049,1.440301
lipschitz-ucb,12,0.247044,32,252.000000,4.943436,1.983399
lipschitz-ucb,13,0.192493,26,251.555556,5.086701,1.925388
lipschitz-ucb,14,0.225345,32,251.555556,5.016824,1.985135
lipschitz-ucb,15,0.210897,32,248.666667,4.692441,2.332737
lipschitz-ucb,16,0.238882,33,252.222222,4.789640,2.195838
lipschitz-ucb,17,0.207604,26,253.555556,5.083255,1.932570
lipschitz-ucb,18,0.221624,33,249.333333,4.628865,2.390427
lipschitz-ucb,19,0.221729,32,252.444444,4.937086,2.089731
lipschitz-ucb,20,0.225899,29,248.666667,4.887293,2.104692
lipschitz-ucb,21,0.240947,32,255.111111,5.019262,1.971561
lipschitz-ucb,22,0.204344,27,250.666667,4.799985,2.214246
lipschitz-ucb,23,0.208872,29,252.000000,4.933109,2.093997
lipschitz-ucb,24,0.228560,32,250.666667,5.036710,1.953181
lipschitz-ucb,25,0.211437,29,251.777778,4.896935,2.122710
lipschitz-ucb,26,0.209416,29,252.666667,5.043758,1.978998
lipschitz-ucb,27,0.202991,28,249.333333,4.920742,2.079882
lipschitz-ucb,28,0.234845,32,250.000000,4.671031,2.307662
lipschitz-ucb,29,0.239316,29,254.000000,5.015250,1.935196
lipschitz-ucb,30,0.238642,31,252.666667,5.005527,1.980423
lipschitz-ucb,31,0.226765,36,250.000000,4.963389,2.005229
lipschitz-ucb,32,0.213346,28,254.444444,5.063225,1.965065
lipschitz-ucb,33,0.237727,39,249.333333,4.801870,2.191820
lipschitz-ucb,34,0.221730,28,252.222222,4.910932,2.114240
lipschitz-ucb,35,0.232049,33,254.222222,5.106908,1.868146
lipschitz-ucb,36,0.236598,32,252.000000,5.009100,1.977921
lipschitz-ucb,37,0.195790,29,248.666667,4.909729,2.111459
lipschitz-ucb,38,0.195844,27,252.666667,5.203449,1.823035
lipschitz-ucb,39,0.236189,34,252.222222,4.898747,2.100257
lipschitz-ucb,40,0.234930,35,250.222222,4.839174,2.163683
lipschitz-ucb,41,0.183354,25,248.888889,4.962244,2.057538
lipschitz-ucb,42,0.213374,26,257.555556,5.261157,1.761162
lipschitz-ucb,43,0.192030,27,253.555556,5.104367,1.915388
lipschitz-ucb,44,0.212346,27,254.444444,5.147991,1.858015
lipschitz-ucb,45,0.216994,31,249.555556,4.881944,2.144644
lipschitz-ucb,46,0.221464,31,250.666667,4.747918,2.274057
lipschitz-ucb,47,0.216439,31,252.000000,5.034097,1.980961
lipschitz-ucb,48,0.217805,32,251.777778,4.980175,2.036720
lipschitz-ucb,49,0.198905,21,254.666667,5.154392,1.861550
lipschitz-ucb,50,0.240356,36,248.888889,4.603591,2.410394
lipschitz-ucb,51,0.239684,33,252.666667,4.794298,2.210013
lipschitz-ucb,52,0.222469,32,250.888889,4.744745,2.276843
lipschitz-ucb,53,0.215120,32,250.000000,4.822571,2.185567
lipschitz-ucb,54,0.221316,30,249.777778,4.765725,2.260807
lipschitz-ucb,55,0.210349,28,251.555556,5.154597,1.841169
lipschitz-ucb,56,0.216157,30,255.333333,5.166221,1.845321
lipschitz-ucb,57,0.220558,32,252.666667,4.935513,2.066880
lipschitz-ucb,58,0.204521,28,250.000000,4.826654,2.183078
lipschitz-ucb,59,0.198300,24,252.444444,4.998866,2.003859
contextual-ucb,0,0.153016,28,241.777778,5.090372,1.927048
contextual-ucb,1,0.142089,28,237.333333,4.754294,2.273853
contextual-ucb,2,0.143419,28,236.666667,4.890970,2.132181
contextual-ucb,3,0.143746,26,240.222222,4.944265,2.078149
contextual-ucb,4,0.144773,25,239.333333,4.825373,2.197988
contextual-ucb,5,0.144091,26,239.111111,5.094089,1.911028
contextual-ucb,6,0.147874,28,238.666667,4.886112,2.115407
contextual-ucb,7,0.149999,26,243.111111,5.252796,1.773845
contextual-ucb,8,0.147932,28,240.000000,4.955420,2.066134
contextual-ucb,9,0.137578,30,236.000000,4.820703,2.194236
contextual-ucb,10,0.158528,30,236.666667,4.763109,2.231375
contextual-ucb,11,0.154529,29,241.555556,5.252562,1.760723
contextual-ucb,12,0.157400,30,237.111111,5.060345,1.929322
contextual-ucb,13,0.142907,26,239.333333,5.081692,1.936846
contextual-ucb,14,0.147986,27,239.777778,5.222010,1.779790
contextual-ucb,15,0.145488,26,239.555556,4.801748,2.212630
contextual-ucb,16,0.144407,30,236.444444,4.864491,2.138781
contextual-ucb,17,0.152406,24,242.444444,4.978997,2.040234
contextual-ucb,18,0.150085,27,240.888889,4.860294,2.157536
contextual-ucb,19,0.149441,28,240.888889,5.069412,1.951053
contextual-ucb,20,0.149367,27,238.666667,5.047818,1.951477
contextual-ucb,21,0.154286,27,240.888889,5.006043,1.994338
contextual-ucb,22,0.144049,27,239.333333,4.848574,2.176174
contextual-ucb,23,0.139667,26,236.222222,4.708550,2.318686
contextual-ucb,24,0.143388,26,236.000000,5.022754,1.976560
contextual-ucb,25,0.156737,25,243.555556,4.991439,2.028187
contextual-ucb,26,0.153711,25,244.666667,5.137019,1.888940
contextual-ucb,27,0.152696,28,239.777778,4.918045,2.092591
contextual-ucb,28,0.148266,25,238.666667,4.811317,2.197903
contextual-ucb,29,0.154751,26,239.555556,5.100047,1.890685
contextual-ucb,30,0.147493,26,238.000000,4.908705,2.092183
contextual-ucb,31,0.158096,27,241.111111,5.154341,1.837612
contextual-ucb,32,0.139922,27,237.111111,4.925379,2.100031
contextual-ucb,33,0.154073,26,242.222222,5.229896,1.768416
contextual-ucb,34,0.148670,27,241.111111,5.103750,1.915285
contextual-ucb,35,0.154699,28,240.666667,5.028289,1.971406
contextual-ucb,36,0.155682,29,241.111111,5.001374,2.005765
contextual-ucb,37,0.149423,28,242.000000,4.985072,2.031709
contextual-ucb,38,0.141342,26,238.444444,4.958685,2.060407
contextual-ucb,39,0.153325,26,240.444444,5.059258,1.936976
contextual-ucb,40,0.153713,27,242.000000,5.175764,1.830435
contextual-ucb,41,0.147127,26,241.333333,5.013523,2.007793
contextual-ucb,42,0.150268,27,241.777778,5.145152,1.874585
contextual-ucb,43,0.143016,25,241.777778,5.136987,1.886437
contextual-ucb,44,0.139560,27,238.000000,5.007551,2.015310
contextual-ucb,45,0.149413,26,240.444444,5.069604,1.949073
contextual-ucb,46,0.144864,27,238.222222,4.894919,2.125489
contextual-ucb,47,0.158997,25,246.444444,5.247677,1.774245
contextual-ucb,48,0.147471,26,239.777778,4.919269,2.101418
contextual-ucb,49,0.151887,28,240.222222,5.074053,1.949888
contextual-ucb,50,0.141399,28,235.333333,4.960696,2.048623
contextual-ucb,51,0.142206,28,235.333333,4.871032,2.137464
contextual-ucb,52,0.143694,26,239.111111,4.875089,2.140014
contextual-ucb,53,0.141885,26,237.333333,4.927089,2.087765
contextual-ucb,54,0.148852,25,240.888889,5.035200,1.987014
contextual-ucb,55,0.160340,27,244.000000,5.348068,1.656915
contextual-ucb,56,0.142832,29,237.777778,5.028470,1.995023
contextual-ucb,57,0.151190,27,239.555556,4.925845,2.081324
contextual-ucb,58,0.141415,29,234.888889,4.704258,2.307134
contextual-ucb,59,0.144331,29,239.111111,4.994681,2.017222
ctx+LLM先验(正确),0,0.167091,18,249.111111,5.138748,1.873276
ctx+LLM先验(正确),1,0.165439,19,250.222222,5.037892,1.983874
ctx+LLM先验(正确),2,0.176893,20,252.444444,5.192830,1.827393
ctx+LLM先验(正确),3,0.169313,17,253.333333,5.232781,1.781147
ctx+LLM先验(正确),4,0.168133,15,254.222222,5.224369,1.791982
ctx+LLM先验(正确),5,0.184024,19,255.333333,5.505346,1.494396
ctx+LLM先验(正确),6,0.166449,17,248.888889,5.050639,1.944377
ctx+LLM先验(正确),7,0.170981,14,256.444444,5.570078,1.445135
ctx+LLM先验(正确),8,0.174022,17,255.111111,5.276558,1.737627
ctx+LLM先验(正确),9,0.166209,19,248.666667,5.051156,1.967186
ctx+LLM先验(正确),10,0.178400,21,251.777778,5.352794,1.630259
ctx+LLM先验(正确),11,0.174810,19,252.888889,5.461608,1.554750
ctx+LLM先验(正确),12,0.179879,21,249.111111,5.289337,1.700993
ctx+LLM先验(正确),13,0.172660,20,249.333333,5.177568,1.826548
ctx+LLM先验(正确),14,0.177949,17,255.555556,5.526505,1.471761
ctx+LLM先验(正确),15,0.175876,18,255.111111,5.265172,1.745550
ctx+LLM先验(正确),16,0.173383,21,250.000000,5.182561,1.815967
ctx+LLM先验(正确),17,0.171891,17,253.555556,5.223437,1.792771
ctx+LLM先验(正确),18,0.171542,19,251.333333,5.039756,1.972274
ctx+LLM先验(正确),19,0.168423,20,249.111111,5.164846,1.855573
ctx+LLM先验(正确),20,0.179064,18,253.333333,5.409842,1.582256
ctx+LLM先验(正确),21,0.175030,21,248.222222,5.183819,1.813772
ctx+LLM先验(正确),22,0.168187,23,248.000000,4.992738,2.030646
ctx+LLM先验(正确),23,0.174634,17,252.888889,5.058969,1.957259
ctx+LLM先验(正确),24,0.173918,17,252.222222,5.394541,1.595365
ctx+LLM先验(正确),25,0.171165,17,254.444444,5.225517,1.790876
ctx+LLM先验(正确),26,0.169409,17,254.000000,5.544583,1.473931
ctx+LLM先验(正确),27,0.175838,18,252.666667,5.235129,1.770551
ctx+LLM先验(正确),28,0.171412,21,249.777778,5.073109,1.925990
ctx+LLM先验(正确),29,0.170585,18,249.777778,5.356773,1.633160
ctx+LLM先验(正确),30,0.174158,22,250.444444,5.277931,1.725945
ctx+LLM先验(正确),31,0.169966,20,248.666667,5.232734,1.759227
ctx+LLM先验(正确),32,0.174961,17,256.666667,5.447078,1.569621
ctx+LLM先验(正确),33,0.179551,17,254.222222,5.533571,1.457842
ctx+LLM先验(正确),34,0.165238,17,250.000000,5.228362,1.785973
ctx+LLM先验(正确),35,0.181003,19,251.777778,5.266883,1.715631
ctx+LLM先验(正确),36,0.169489,23,246.444444,5.027476,1.973329
ctx+LLM先验(正确),37,0.171173,19,251.555556,5.135397,1.876718
ctx+LLM先验(正确),38,0.170266,16,254.222222,5.463246,1.555021
ctx+LLM先验(正确),39,0.173244,17,252.888889,5.399013,1.593168
ctx+LLM先验(正确),40,0.170104,20,250.444444,5.287800,1.718915
ctx+LLM先验(正确),41,0.169080,17,254.000000,5.280428,1.736936
ctx+LLM先验(正确),42,0.173772,20,251.555556,5.184604,1.831972
ctx+LLM先验(正确),43,0.162952,15,251.555556,5.305892,1.706736
ctx+LLM先验(正确),44,0.172112,19,252.888889,5.290938,1.725316
ctx+LLM先验(正确),45,0.172995,19,253.111111,5.424237,1.590476
ctx+LLM先验(正确),46,0.172805,17,254.888889,5.382113,1.627989
ctx+LLM先验(正确),47,0.170263,18,253.111111,5.367914,1.646985
ctx+LLM先验(正确),48,0.166987,17,250.222222,5.249843,1.763103
ctx+LLM先验(正确),49,0.171431,17,252.000000,5.383873,1.630304
ctx+LLM先验(正确),50,0.182499,21,253.333333,5.347880,1.656391
ctx+LLM先验(正确),51,0.169685,17,252.888889,5.286443,1.715641
ctx+LLM先验(正确),52,0.170922,17,252.000000,5.060186,1.954300
ctx+LLM先验(正确),53,0.167939,17,251.777778,5.285273,1.723703
ctx+LLM先验(正确),54,0.175475,17,254.444444,5.385522,1.633453
ctx+LLM先验(正确),55,0.168611,19,250.666667,5.417006,1.584848
ctx+LLM先验(正确),56,0.164038,20,246.444444,5.176858,1.835229
ctx+LLM先验(正确),57,0.172504,20,252.666667,5.239970,1.768075
ctx+LLM先验(正确),58,0.178112,18,251.777778,5.146558,1.854804
ctx+LLM先验(正确),59,0.175121,18,252.666667,5.223257,1.779392
ctx+LLM先验(错误,偏难),0,0.226277,30,250.666667,4.519081,2.491549
ctx+LLM先验(错误,偏难),1,0.226421,32,252.222222,4.478298,2.548388
ctx+LLM先验(错误,偏难),2,0.240574,32,250.666667,4.448430,2.564805
ctx+LLM先验(错误,偏难),3,0.232890,35,252.444444,4.525570,2.492580
ctx+LLM先验(错误,偏难),4,0.225161,29,255.111111,4.630439,2.390241
ctx+LLM先验(错误,偏难),5,0.242727,33,252.000000,4.653526,2.333412
ctx+LLM先验(错误,偏难),6,0.233796,33,251.777778,4.487181,2.516591
ctx+LLM先验(错误,偏难),7,0.236508,26,261.333333,5.076359,1.946788
ctx+LLM先验(错误,偏难),8,0.242429,34,255.333333,4.540622,2.475976
ctx+LLM先验(错误,偏难),9,0.234299,36,251.333333,4.422751,2.589034
ctx+LLM先验(错误,偏难),10,0.262609,35,252.000000,4.582272,2.390121
ctx+LLM先验(错误,偏难),11,0.240871,39,249.555556,4.800556,2.224150
ctx+LLM先验(错误,偏难),12,0.246978,37,249.333333,4.527896,2.457288
ctx+LLM先验(错误,偏难),13,0.236529,34,250.000000,4.482066,2.522873
ctx+LLM先验(错误,偏难),14,0.242105,33,253.111111,4.690868,2.301907
ctx+LLM先验(错误,偏难),15,0.242975,39,250.888889,4.368127,2.647608
ctx+LLM先验(错误,偏难),16,0.245781,39,247.777778,4.325827,2.674996
ctx+LLM先验(错误,偏难),17,0.220126,34,248.222222,4.518685,2.505816
ctx+LLM先验(错误,偏难),18,0.235605,33,249.555556,4.323659,2.681769
ctx+LLM先验(错误,偏难),19,0.243916,37,250.888889,4.456140,2.561341
ctx+LLM先验(错误,偏难),20,0.238809,33,248.666667,4.515305,2.473804
ctx+LLM先验(错误,偏难),21,0.258077,38,250.888889,4.364882,2.644965
ctx+LLM先验(错误,偏难),22,0.238433,34,250.444444,4.453515,2.574586
ctx+LLM先验(错误,偏难),23,0.238007,31,252.000000,4.426397,2.598350
ctx+LLM先验(错误,偏难),24,0.248358,38,250.888889,4.645475,2.341739
ctx+LLM先验(错误,偏难),25,0.245364,34,253.333333,4.426369,2.599291
ctx+LLM先验(错误,偏难),26,0.231337,30,253.111111,4.734966,2.283964
ctx+LLM先验(错误,偏难),27,0.243572,35,251.777778,4.414303,2.588625
ctx+LLM先验(错误,偏难),28,0.247903,38,248.666667,4.253555,2.749382
ctx+LLM先验(错误,偏难),29,0.238402,30,252.222222,4.603257,2.370583
ctx+LLM先验(错误,偏难),30,0.242795,33,252.222222,4.726164,2.274038
ctx+LLM先验(错误,偏难),31,0.236762,36,247.555556,4.528667,2.447129
ctx+LLM先验(错误,偏难),32,0.230425,30,254.444444,4.615251,2.411138
ctx+LLM先验(错误,偏难),33,0.236533,31,252.444444,4.804359,2.192157
ctx+LLM先验(错误,偏难),34,0.249188,36,251.333333,4.387321,2.632992
ctx+LLM先验(错误,偏难),35,0.235327,37,247.111111,4.419576,2.563496
ctx+LLM先验(错误,偏难),36,0.242636,39,252.666667,4.582873,2.413309
ctx+LLM先验(错误,偏难),37,0.252835,39,250.444444,4.371047,2.642384
ctx+LLM先验(错误,偏难),38,0.243913,30,257.111111,4.774783,2.251139
ctx+LLM先验(错误,偏难),39,0.239723,31,251.111111,4.507369,2.488894
ctx+LLM先验(错误,偏难),40,0.242309,37,250.888889,4.713492,2.281238
ctx+LLM先验(错误,偏难),41,0.232975,30,256.222222,4.815615,2.207668
ctx+LLM先验(错误,偏难),42,0.245650,37,250.666667,4.513993,2.509051
ctx+LLM先验(错误,偏难),43,0.229536,34,252.000000,4.547236,2.482744
ctx+LLM先验(错误,偏难),44,0.235636,32,253.777778,4.583590,2.437987
ctx+LLM先验(错误,偏难),45,0.243930,35,250.888889,4.529764,2.497453
ctx+LLM先验(错误,偏难),46,0.237345,33,253.555556,4.506607,2.507652
ctx+LLM先验(错误,偏难),47,0.229089,33,252.888889,4.722472,2.299794
ctx+LLM先验(错误,偏难),48,0.237839,33,252.888889,4.549323,2.464686
ctx+LLM先验(错误,偏难),49,0.230595,29,252.666667,4.627278,2.378758
ctx+LLM先验(错误,偏难),50,0.242663,35,252.222222,4.622920,2.385751
ctx+LLM先验(错误,偏难),51,0.249256,36,250.000000,4.440526,2.561484
ctx+LLM先验(错误,偏难),52,0.236985,31,252.444444,4.409684,2.600963
ctx+LLM先验(错误,偏难),53,0.242840,33,253.555556,4.466646,2.539275
ctx+LLM先验(错误,偏难),54,0.232190,30,254.444444,4.798686,2.224756
ctx+LLM先验(错误,偏难),55,0.226464,31,251.777778,4.811520,2.197462
ctx+LLM先验(错误,偏难),56,0.237797,33,250.888889,4.610438,2.394972
ctx+LLM先验(错误,偏难),57,0.233624,34,249.555556,4.452875,2.562814
ctx+LLM先验(错误,偏难),58,0.249349,40,246.222222,4.100672,2.886275
ctx+LLM先验(错误,偏难),59,0.246047,34,252.666667,4.579922,2.417420
matched(模型已知,用m̂),0,0.210179,16,290.000000,7.023408,-0.009936
matched(模型已知,用m̂),1,0.210790,17,290.666667,6.890283,0.126694
matched(模型已知,用m̂),2,0.213916,18,289.777778,7.100683,-0.084253
matched(模型已知,用m̂),3,0.217228,16,292.222222,6.968885,0.049903
matched(模型已知,用m̂),4,0.215758,14,293.777778,7.082716,-0.066939
matched(模型已知,用m̂),5,0.214342,17,289.777778,7.249190,-0.247632
matched(模型已知,用m̂),6,0.206922,17,287.555556,6.852261,0.146157
matched(模型已知,用m̂),7,0.214194,14,293.777778,7.416685,-0.399917
matched(模型已知,用m̂),8,0.214021,17,291.555556,7.019728,-0.004010
matched(模型已知,用m̂),9,0.211834,16,291.333333,6.947424,0.063690
matched(模型已知,用m̂),10,0.215990,17,289.555556,7.148702,-0.157702
matched(模型已知,用m̂),11,0.219401,17,290.666667,7.385701,-0.375696
matched(模型已知,用m̂),12,0.213160,18,287.777778,7.241585,-0.253183
matched(模型已知,用m̂),13,0.215112,17,290.444444,7.142484,-0.132273
matched(模型已知,用m̂),14,0.214245,16,290.444444,7.361211,-0.363940
matched(模型已知,用m̂),15,0.215974,17,290.888889,6.903204,0.109560
matched(模型已知,用m̂),16,0.207646,18,287.111111,6.864399,0.132878
matched(模型已知,用m̂),17,0.211163,16,290.888889,7.012235,0.000456
matched(模型已知,用m̂),18,0.215196,17,291.111111,6.883218,0.123473
matched(模型已知,用m̂),19,0.213090,18,289.111111,7.080179,-0.059720
matched(模型已知,用m̂),20,0.216067,17,289.111111,7.158308,-0.167871
matched(模型已知,用m̂),21,0.216617,19,288.000000,6.999338,0.000042
matched(模型已知,用m̂),22,0.215510,18,290.666667,6.823596,0.194238
matched(模型已知,用m̂),23,0.212586,16,291.111111,6.970328,0.044037
matched(模型已知,用m̂),24,0.214324,15,290.666667,7.324997,-0.334394
matched(模型已知,用m̂),25,0.219140,17,292.222222,6.914360,0.102897
matched(模型已知,用m̂),26,0.211276,16,291.777778,7.295159,-0.277507
matched(模型已知,用m̂),27,0.215763,18,290.222222,6.973470,0.031188
matched(模型已知,用m̂),28,0.217714,17,290.666667,6.910720,0.091650
matched(模型已知,用m̂),29,0.214118,16,289.333333,7.255527,-0.270432
matched(模型已知,用m̂),30,0.216544,18,288.888889,7.109208,-0.109622
matched(模型已知,用m̂),31,0.215806,18,288.666667,7.072742,-0.083701
matched(模型已知,用m̂),32,0.214730,16,291.777778,7.114827,-0.095200
matched(模型已知,用m̂),33,0.218886,16,291.111111,7.336085,-0.340154
matched(模型已知,用m̂),34,0.211669,16,290.444444,7.091192,-0.080324
matched(模型已知,用m̂),35,0.213791,18,288.444444,6.953689,0.037311
matched(模型已知,用m̂),36,0.215839,18,289.777778,7.071797,-0.077333
matched(模型已知,用m̂),37,0.216684,17,291.777778,7.036953,-0.020938
matched(模型已知,用m̂),38,0.213480,16,292.000000,7.303181,-0.283665
matched(模型已知,用m̂),39,0.212941,16,290.222222,7.151874,-0.158146
matched(模型已知,用m̂),40,0.212325,18,289.555556,7.202498,-0.198795
matched(模型已知,用m̂),41,0.212167,15,291.777778,7.102957,-0.085296
matched(模型已知,用m̂),42,0.213922,18,290.222222,7.065687,-0.048936
matched(模型已知,用m̂),43,0.215597,14,293.777778,7.201807,-0.185091
matched(模型已知,用m̂),44,0.212625,15,290.888889,7.093297,-0.078227
matched(模型已知,用m̂),45,0.210960,16,290.444444,7.236673,-0.220000
matched(模型已知,用m̂),46,0.211715,16,290.888889,7.044238,-0.031338
matched(模型已知,用m̂),47,0.214790,16,291.555556,7.232641,-0.218549
matched(模型已知,用m̂),48,0.210035,16,290.444444,7.171673,-0.160002
matched(模型已知,用m̂),49,0.212457,16,290.444444,7.223251,-0.209798
matched(模型已知,用m̂),50,0.217067,18,289.777778,7.097257,-0.092853
matched(模型已知,用m̂),51,0.211230,16,290.222222,7.003575,-0.004058
matched(模型已知,用m̂),52,0.210291,15,291.333333,6.907125,0.102921
matched(模型已知,用m̂),53,0.211975,16,290.444444,7.073547,-0.064562
matched(模型已知,用m̂),54,0.212559,17,290.000000,7.097244,-0.079020
matched(模型已知,用m̂),55,0.210177,17,288.666667,7.255621,-0.255094
matched(模型已知,用m̂),56,0.208811,17,287.777778,7.097110,-0.089050
matched(模型已知,用m̂),57,0.214482,18,290.000000,6.937572,0.071150
matched(模型已知,用m̂),58,0.218060,17,290.444444,6.887323,0.114389
matched(模型已知,用m̂),59,0.217081,17,290.666667,7.025091,-0.023763
oracle,0,0.214026,15,292.000000,7.151165,-0.138891
oracle,1,0.214953,16,292.222222,6.962189,0.053739
oracle,2,0.217303,17,291.777778,7.179927,-0.164234
oracle,3,0.214474,15,292.666667,7.057516,-0.044874
oracle,4,0.213248,14,293.555556,7.142691,-0.127271
oracle,5,0.215824,17,290.888889,7.342917,-0.341019
oracle,6,0.217093,16,291.333333,7.047793,-0.049060
oracle,7,0.214104,13,294.222222,7.469942,-0.451773
oracle,8,0.215064,16,292.444444,7.065725,-0.052972
oracle,9,0.215019,16,292.444444,6.994297,0.016979
oracle,10,0.217930,17,290.444444,7.208980,-0.217642
oracle,11,0.216695,17,290.888889,7.449288,-0.438465
oracle,12,0.217345,18,289.111111,7.316839,-0.328969
oracle,13,0.215159,16,292.000000,7.275680,-0.265865
oracle,14,0.216248,16,291.555556,7.394743,-0.398026
oracle,15,0.216003,17,291.777778,6.944437,0.070328
oracle,16,0.218801,17,290.666667,7.021796,-0.025201
oracle,17,0.216125,16,292.666667,7.096403,-0.084911
oracle,18,0.215810,17,292.000000,6.970888,0.035723
oracle,19,0.215091,18,290.666667,7.175882,-0.159418
oracle,20,0.216907,16,290.444444,7.250681,-0.257399
oracle,21,0.218051,17,290.000000,7.124885,-0.129334
oracle,22,0.216242,17,292.000000,6.909108,0.108642
oracle,23,0.213564,15,292.444444,7.060216,-0.043188
oracle,24,0.216468,15,291.777778,7.391457,-0.400891
oracle,25,0.214488,16,292.444444,6.998073,0.015541
oracle,26,0.213067,15,293.111111,7.393322,-0.377272
oracle,27,0.214319,17,290.666667,7.029825,-0.025298
oracle,28,0.216336,17,290.888889,6.947120,0.057261
oracle,29,0.217986,16,290.444444,7.310844,-0.325819
oracle,30,0.216764,18,290.000000,7.192437,-0.192742
oracle,31,0.216926,17,289.777778,7.158244,-0.174347
oracle,32,0.214818,15,293.333333,7.189713,-0.166852
oracle,33,0.216697,15,291.777778,7.431233,-0.434163
oracle,34,0.215447,16,291.777778,7.160684,-0.148085
oracle,35,0.217006,17,290.000000,7.087827,-0.096587
oracle,36,0.217477,17,290.444444,7.101140,-0.107682
oracle,37,0.213968,15,292.666667,7.135137,-0.126038
oracle,38,0.214052,15,293.333333,7.420510,-0.404786
oracle,39,0.218559,15,292.000000,7.248830,-0.255438
oracle,40,0.214670,17,290.666667,7.284591,-0.281248
oracle,41,0.213488,15,292.888889,7.193178,-0.179698
oracle,42,0.215440,17,291.333333,7.127839,-0.111798
oracle,43,0.212812,13,294.222222,7.283905,-0.266224
oracle,44,0.214624,15,292.666667,7.180972,-0.162666
oracle,45,0.214317,16,292.000000,7.318989,-0.304051
oracle,46,0.216713,15,292.666667,7.123483,-0.110074
oracle,47,0.214255,16,292.222222,7.303380,-0.291031
oracle,48,0.215585,16,292.222222,7.275810,-0.264022
oracle,49,0.214291,15,291.333333,7.288713,-0.276964
oracle,50,0.217121,17,290.222222,7.149340,-0.146284
oracle,51,0.218614,15,292.666667,7.097180,-0.098201
oracle,52,0.216330,15,293.333333,7.006971,0.002703
oracle,53,0.214083,15,292.666667,7.234058,-0.224194
oracle,54,0.213889,16,291.333333,7.234390,-0.218630
oracle,55,0.215603,16,291.111111,7.365200,-0.365763
oracle,56,0.216387,17,290.666667,7.207390,-0.196515
oracle,57,0.217170,17,291.333333,6.998823,0.011803
oracle,58,0.217055,16,291.333333,6.986412,0.018122
oracle,59,0.215361,15,292.444444,7.156430,-0.151490
fixed-d0,0,0.018595,39,120.000000,3.142976,3.882240
fixed-d0,1,0.016726,38,120.000000,3.057662,3.968670
fixed-d0,2,0.018024,34,120.000000,3.147551,3.883471
fixed-d0,3,0.016109,35,120.000000,3.096365,3.935466
fixed-d0,4,0.014603,32,120.000000,3.117645,3.911098
fixed-d0,5,0.019642,34,120.000000,3.236627,3.773527
fixed-d0,6,0.019910,35,120.000000,3.122223,3.885526
fixed-d0,7,0.014793,33,120.000000,3.248129,3.777180
fixed-d0,8,0.017281,38,120.000000,3.106099,3.923517
fixed-d0,9,0.016909,40,120.000000,3.082072,3.942116
fixed-d0,10,0.021580,35,120.000000,3.189234,3.815239
fixed-d0,11,0.019274,38,120.000000,3.266234,3.758842
fixed-d0,12,0.023510,36,120.000000,3.234557,3.764437
fixed-d0,13,0.018514,32,120.000000,3.194503,3.828428
fixed-d0,14,0.019647,34,120.000000,3.262888,3.744725
fixed-d0,15,0.017827,39,120.000000,3.063241,3.966869
fixed-d0,16,0.021401,39,120.000000,3.117298,3.892630
fixed-d0,17,0.017688,35,120.000000,3.115878,3.904745
fixed-d0,18,0.017499,35,120.000000,3.077047,3.945163
fixed-d0,19,0.017850,37,120.000000,3.146479,3.879693
fixed-d0,20,0.021162,34,120.000000,3.205187,3.802294
fixed-d0,21,0.021424,38,120.000000,3.155614,3.860240
fixed-d0,22,0.017078,40,120.000000,3.038126,3.998355
fixed-d0,23,0.016670,33,120.000000,3.095574,3.934414
fixed-d0,24,0.020256,32,120.000000,3.263064,3.737718
fixed-d0,25,0.016853,36,120.000000,3.076419,3.949761
fixed-d0,26,0.015286,31,120.000000,3.213668,3.816925
fixed-d0,27,0.019409,37,120.000000,3.110612,3.906390
fixed-d0,28,0.020321,35,120.000000,3.075002,3.942214
fixed-d0,29,0.022288,32,120.000000,3.231598,3.763670
fixed-d0,30,0.021046,38,120.000000,3.175710,3.834725
fixed-d0,31,0.022723,42,120.000000,3.180675,3.824170
fixed-d0,32,0.015246,35,120.000000,3.128728,3.900279
fixed-d0,33,0.020324,33,120.000000,3.274300,3.729131
fixed-d0,34,0.017766,34,120.000000,3.143289,3.883078
fixed-d0,35,0.022002,37,120.000000,3.149019,3.854484
fixed-d0,36,0.021243,38,120.000000,3.151439,3.857317
fixed-d0,37,0.016634,38,120.000000,3.138883,3.884001
fixed-d0,38,0.015291,32,120.000000,3.227495,3.798627
fixed-d0,39,0.020538,33,120.000000,3.206638,3.797684
fixed-d0,40,0.019440,37,120.000000,3.206477,3.813439
fixed-d0,41,0.016334,34,120.000000,3.153918,3.874705
fixed-d0,42,0.017610,37,120.000000,3.127234,3.902160
fixed-d0,43,0.014545,32,120.000000,3.175454,3.851864
fixed-d0,44,0.017364,34,120.000000,3.146830,3.882936
fixed-d0,45,0.016665,35,120.000000,3.199075,3.828616
fixed-d0,46,0.017954,35,120.000000,3.129711,3.895130
fixed-d0,47,0.017276,35,120.000000,3.197991,3.831146
fixed-d0,48,0.017203,34,120.000000,3.187953,3.838769
fixed-d0,49,0.018141,36,120.000000,3.195795,3.833217
fixed-d0,50,0.020683,36,120.000000,3.156710,3.863388
fixed-d0,51,0.019039,35,120.000000,3.139352,3.874984
fixed-d0,52,0.016515,34,120.000000,3.084959,3.938344
fixed-d0,53,0.017463,34,120.000000,3.178847,3.843404
fixed-d0,54,0.017814,34,120.000000,3.167101,3.861222
fixed-d0,55,0.020213,35,120.000000,3.244622,3.772712
fixed-d0,56,0.019740,37,120.000000,3.174253,3.852508
fixed-d0,57,0.018940,37,120.000000,3.095767,3.926288
fixed-d0,58,0.019302,35,120.000000,3.093267,3.919212
fixed-d0,59,0.018018,37,120.000000,3.159705,3.859127
fixed-d1,0,0.036125,35,146.666667,3.215486,3.802618
fixed-d1,1,0.031190,34,146.666667,3.143686,3.887281
fixed-d1,2,0.034145,31,146.666667,3.229288,3.798195
fixed-d1,3,0.030431,31,146.666667,3.179429,3.848347
fixed-d1,4,0.026873,28,146.666667,3.207611,3.823651
fixed-d1,5,0.043947,32,146.666667,3.277572,3.712086
fixed-d1,6,0.046188,34,146.666667,3.149946,3.834041
fixed-d1,7,0.026966,30,146.666667,3.339455,3.691517
fixed-d1,8,0.033327,34,146.666667,3.181858,3.844957
fixed-d1,9,0.033769,36,146.666667,3.154924,3.872496
fixed-d1,10,0.049304,34,146.666667,3.215246,3.759060
fixed-d1,11,0.038477,35,146.666667,3.341168,3.679284
fixed-d1,12,0.053513,35,146.666667,3.253812,3.702714
fixed-d1,13,0.036927,30,146.666667,3.259203,3.750657
fixed-d1,14,0.045530,32,146.666667,3.291156,3.685772
fixed-d1,15,0.035937,34,146.666667,3.132133,3.891045
fixed-d1,16,0.049582,37,146.666667,3.141412,3.835318
fixed-d1,17,0.033486,32,146.666667,3.193275,3.830248
fixed-d1,18,0.036094,33,146.666667,3.140940,3.878261
fixed-d1,19,0.033889,32,146.666667,3.231204,3.797286
fixed-d1,20,0.049447,33,146.666667,3.228328,3.744187
fixed-d1,21,0.048649,35,146.666667,3.187916,3.793529
fixed-d1,22,0.031670,35,146.666667,3.123361,3.902401
fixed-d1,23,0.031620,29,146.666667,3.176579,3.846610
fixed-d1,24,0.049261,32,146.666667,3.273173,3.687994
fixed-d1,25,0.032094,33,146.666667,3.154696,3.867986
fixed-d1,26,0.027137,28,146.666667,3.309656,3.718036
fixed-d1,27,0.042204,35,146.666667,3.157738,3.844086
fixed-d1,28,0.044042,34,146.666667,3.117094,3.878696
fixed-d1,29,0.052011,32,146.666667,3.242438,3.708703
fixed-d1,30,0.045047,33,146.666667,3.221020,3.766283
fixed-d1,31,0.055136,41,146.666667,3.188281,3.767172
fixed-d1,32,0.026816,30,146.666667,3.227434,3.804045
fixed-d1,33,0.046748,32,146.666667,3.299768,3.671438
fixed-d1,34,0.034509,31,146.666667,3.217239,3.804704
fixed-d1,35,0.053163,37,146.666667,3.159241,3.802098
fixed-d1,36,0.050194,37,146.666667,3.171849,3.797948
fixed-d1,37,0.033369,32,146.666667,3.210012,3.808803
fixed-d1,38,0.027496,28,146.666667,3.322256,3.708247
fixed-d1,39,0.049323,33,146.666667,3.213675,3.746441
fixed-d1,40,0.040327,34,146.666667,3.263815,3.742451
fixed-d1,41,0.031586,30,146.666667,3.231981,3.789383
fixed-d1,42,0.033260,34,146.666667,3.210943,3.815554
fixed-d1,43,0.026929,29,146.666667,3.264201,3.763766
fixed-d1,44,0.033111,32,146.666667,3.225607,3.800210
fixed-d1,45,0.031517,31,146.666667,3.284436,3.745696
fixed-d1,46,0.035248,31,146.666667,3.198806,3.818058
fixed-d1,47,0.032959,31,146.666667,3.275311,3.745821
fixed-d1,48,0.033756,30,146.666667,3.264469,3.761325
fixed-d1,49,0.035966,31,146.666667,3.271155,3.750047
fixed-d1,50,0.044227,35,146.666667,3.208987,3.792927
fixed-d1,51,0.042804,34,146.666667,3.176704,3.818867
fixed-d1,52,0.032713,30,146.666667,3.154308,3.862546
fixed-d1,53,0.035430,31,146.666667,3.239607,3.767399
fixed-d1,54,0.033646,30,146.666667,3.251816,3.781211
fixed-d1,55,0.043793,34,146.666667,3.286307,3.710928
fixed-d1,56,0.040916,35,146.666667,3.234663,3.775965
fixed-d1,57,0.040713,35,146.666667,3.147985,3.857386
fixed-d1,58,0.043298,34,146.666667,3.135077,3.867875
fixed-d1,59,0.039866,34,146.666667,3.204792,3.795998
fixed-d2,0,0.143446,49,173.333333,2.956164,4.024571
fixed-d2,1,0.108523,41,173.333333,3.020020,4.003558
fixed-d2,2,0.122743,41,173.333333,3.048688,3.964433
fixed-d2,3,0.105838,39,173.333333,3.043129,3.976249
fixed-d2,4,0.082152,32,173.333333,3.147285,3.885093
fixed-d2,5,0.239516,59,173.333333,2.616162,4.144792
fixed-d2,6,0.278158,71,173.333333,2.360161,4.313587
fixed-d2,7,0.081524,35,173.333333,3.282450,3.743230
fixed-d2,8,0.127484,45,173.333333,2.972276,4.026232
fixed-d2,9,0.142588,47,173.333333,2.903406,4.077983
fixed-d2,10,0.299399,74,173.333333,2.379349,4.246042
fixed-d2,11,0.162240,47,173.333333,3.043159,3.921913
fixed-d2,12,0.319779,77,173.333333,2.344451,4.210030
fixed-d2,13,0.154596,46,173.333333,2.923312,4.026415
fixed-d2,14,0.280047,67,173.333333,2.475913,4.180611
fixed-d2,15,0.155712,51,173.333333,2.832513,4.135903
fixed-d2,16,0.313280,75,173.333333,2.248305,4.331275
fixed-d2,17,0.124160,41,173.333333,2.996467,4.002398
fixed-d2,18,0.163458,50,173.333333,2.796265,4.156758
fixed-d2,19,0.121439,42,173.333333,3.069117,3.944437
fixed-d2,20,0.299561,70,173.333333,2.354353,4.259489
fixed-d2,21,0.285060,70,173.333333,2.425100,4.255500
fixed-d2,22,0.112116,43,173.333333,2.999539,4.028822
fixed-d2,23,0.110542,38,173.333333,3.020230,3.991797
fixed-d2,24,0.330261,75,173.333333,2.253995,4.250844
fixed-d2,25,0.120705,41,173.333333,2.973402,4.039686
fixed-d2,26,0.076727,30,173.333333,3.283014,3.747824
fixed-d2,27,0.226733,62,173.333333,2.584168,4.245701
fixed-d2,28,0.228997,60,173.333333,2.512771,4.286874
fixed-d2,29,0.316662,75,173.333333,2.287469,4.251694
fixed-d2,30,0.235131,60,173.333333,2.626144,4.180194
fixed-d2,31,0.404527,88,173.333333,1.993286,4.316989
fixed-d2,32,0.074260,32,173.333333,3.216524,3.816225
fixed-d2,33,0.285018,68,173.333333,2.479202,4.181564
fixed-d2,34,0.130628,44,173.333333,2.996714,3.995752
fixed-d2,35,0.369260,84,173.333333,2.073955,4.338044
fixed-d2,36,0.334852,79,173.333333,2.217878,4.303442
fixed-d2,37,0.143454,46,173.333333,2.944698,4.041677
fixed-d2,38,0.080540,32,173.333333,3.278073,3.752131
fixed-d2,39,0.340415,82,173.333333,2.198419,4.311722
fixed-d2,40,0.192213,54,173.333333,2.823705,4.070836
fixed-d2,41,0.119210,41,173.333333,3.042890,3.960312
fixed-d2,42,0.120657,42,173.333333,3.048937,3.965638
fixed-d2,43,0.084728,34,173.333333,3.185625,3.839381
fixed-d2,44,0.121026,41,173.333333,3.038202,3.965124
fixed-d2,45,0.108668,39,173.333333,3.147660,3.875357
fixed-d2,46,0.140636,45,173.333333,2.931435,4.046148
fixed-d2,47,0.122414,41,173.333333,3.083249,3.922293
fixed-d2,48,0.126109,42,173.333333,3.042315,3.951472
fixed-d2,49,0.135224,43,173.333333,3.024881,3.960653
fixed-d2,50,0.218484,60,173.333333,2.674184,4.165268
fixed-d2,51,0.250427,66,173.333333,2.496829,4.266797
fixed-d2,52,0.133950,44,173.333333,2.903794,4.088342
fixed-d2,53,0.158163,47,173.333333,2.891611,4.059483
fixed-d2,54,0.114290,41,173.333333,3.097327,3.916716
fixed-d2,55,0.236870,60,173.333333,2.664633,4.122098
fixed-d2,56,0.190977,55,173.333333,2.814741,4.098768
fixed-d2,57,0.215811,59,173.333333,2.627035,4.231510
fixed-d2,58,0.237446,63,173.333333,2.510810,4.284108
fixed-d2,59,0.226593,62,173.333333,2.622796,4.204642
fixed-d3,0,0.837099,121,200.000000,0.037378,4.756034
fixed-d3,1,0.826452,121,200.000000,0.045298,5.139911
fixed-d3,2,0.830818,121,200.000000,0.042422,4.989423
fixed-d3,3,0.827712,121,200.000000,0.044919,5.096098
fixed-d3,4,0.817583,121,200.000000,0.055942,5.421806
fixed-d3,5,0.851000,121,200.000000,0.029240,4.177612
fixed-d3,6,0.854300,121,200.000000,0.026389,4.028375
fixed-d3,7,0.818158,121,200.000000,0.057070,5.407349
fixed-d3,8,0.834006,121,200.000000,0.039507,4.872345
fixed-d3,9,0.836885,121,200.000000,0.036989,4.763880
fixed-d3,10,0.854930,121,200.000000,0.026414,3.999220
fixed-d3,11,0.837880,121,200.000000,0.037763,4.727356
fixed-d3,12,0.856308,121,200.000000,0.026014,3.935145
fixed-d3,13,0.840283,121,200.000000,0.036019,4.631651
fixed-d3,14,0.854650,121,200.000000,0.027372,4.011727
fixed-d3,15,0.839030,121,200.000000,0.035066,4.680372
fixed-d3,16,0.855567,121,200.000000,0.025515,3.970223
fixed-d3,17,0.832644,121,200.000000,0.040812,4.922513
fixed-d3,18,0.840817,121,200.000000,0.034256,4.609794
fixed-d3,19,0.828892,121,200.000000,0.043932,5.058411
fixed-d3,20,0.855577,121,200.000000,0.026373,3.969329
fixed-d3,21,0.853408,121,200.000000,0.026907,4.069054
fixed-d3,22,0.826814,121,200.000000,0.044195,5.125736
fixed-d3,23,0.829075,121,200.000000,0.044023,5.050665
fixed-d3,24,0.858664,121,200.000000,0.025361,3.824025
fixed-d3,25,0.831569,121,200.000000,0.041314,4.961788
fixed-d3,26,0.811194,121,200.000000,0.064822,5.610373
fixed-d3,27,0.848890,121,200.000000,0.029159,4.270704
fixed-d3,28,0.849718,121,200.000000,0.028512,4.234720
fixed-d3,29,0.857685,121,200.000000,0.025531,3.870574
fixed-d3,30,0.849069,121,200.000000,0.029523,4.263145
fixed-d3,31,0.859825,121,200.000000,0.023806,3.769495
fixed-d3,32,0.807846,121,200.000000,0.067245,5.698045
fixed-d3,33,0.855054,121,200.000000,0.027248,3.992865
fixed-d3,34,0.834080,121,200.000000,0.039924,4.870799
fixed-d3,35,0.858824,121,200.000000,0.024125,3.817257
fixed-d3,36,0.856756,121,200.000000,0.025132,3.914602
fixed-d3,37,0.837598,121,200.000000,0.037166,4.736274
fixed-d3,38,0.815200,121,200.000000,0.060015,5.495475
fixed-d3,39,0.858623,121,200.000000,0.024871,3.826239
fixed-d3,40,0.844812,121,200.000000,0.032549,4.445488
fixed-d3,41,0.832459,121,200.000000,0.041636,4.929594
fixed-d3,42,0.829358,121,200.000000,0.043265,5.040917
fixed-d3,43,0.820995,121,200.000000,0.053453,5.318453
fixed-d3,44,0.831965,121,200.000000,0.041847,4.948047
fixed-d3,45,0.827323,121,200.000000,0.046320,5.111594
fixed-d3,46,0.837514,121,200.000000,0.037191,4.739752
fixed-d3,47,0.832446,121,200.000000,0.041834,4.930331
fixed-d3,48,0.834055,121,200.000000,0.040725,4.872015
fixed-d3,49,0.835482,121,200.000000,0.039516,4.819128
fixed-d3,50,0.847172,121,200.000000,0.030547,4.345865
fixed-d3,51,0.851831,121,200.000000,0.027836,4.140209
fixed-d3,52,0.836565,121,200.000000,0.037741,4.776159
fixed-d3,53,0.841590,121,200.000000,0.034924,4.578358
fixed-d3,54,0.828665,121,200.000000,0.044633,5.065687
fixed-d3,55,0.850317,121,200.000000,0.029591,4.207745
fixed-d3,56,0.843639,121,200.000000,0.032890,4.494871
fixed-d3,57,0.847110,121,200.000000,0.030029,4.347970
fixed-d3,58,0.850401,121,200.000000,0.028253,4.204349
fixed-d3,59,0.849525,121,200.000000,0.029361,4.242506
fixed-d4,0,0.913616,121,226.666667,0.008397,4.447037
fixed-d4,1,0.908691,121,226.666667,0.009205,4.754480
fixed-d4,2,0.910700,121,226.666667,0.008998,4.633901
fixed-d4,3,0.909353,121,226.666667,0.009216,4.715187
fixed-d4,4,0.905322,121,226.666667,0.010343,4.943113
fixed-d4,5,0.920574,121,226.666667,0.007409,3.948774
fixed-d4,6,0.922155,121,226.666667,0.006886,3.825913
fixed-d4,7,0.905710,121,226.666667,0.010622,4.922843
fixed-d4,8,0.912165,121,226.666667,0.008613,4.541466
fixed-d4,9,0.913489,121,226.666667,0.008282,4.455345
fixed-d4,10,0.922452,121,226.666667,0.006949,3.802386
fixed-d4,11,0.914018,121,226.666667,0.008575,4.420629
fixed-d4,12,0.923170,121,226.666667,0.006929,3.745263
fixed-d4,13,0.915307,121,226.666667,0.008283,4.332848
fixed-d4,14,0.922423,121,226.666667,0.007162,3.804662
fixed-d4,15,0.914448,121,226.666667,0.008021,4.391219
fixed-d4,16,0.922759,121,226.666667,0.006745,3.778169
fixed-d4,17,0.911568,121,226.666667,0.008777,4.579452
fixed-d4,18,0.915413,121,226.666667,0.007931,4.325389
fixed-d4,19,0.909806,121,226.666667,0.009163,4.688717
fixed-d4,20,0.922863,121,226.666667,0.006957,3.769841
fixed-d4,21,0.921637,121,226.666667,0.006993,3.866475
fixed-d4,22,0.908675,121,226.666667,0.009063,4.754995
fixed-d4,23,0.910057,121,226.666667,0.009114,4.673198
fixed-d4,24,0.924517,121,226.666667,0.006857,3.636401
fixed-d4,25,0.911068,121,226.666667,0.008787,4.610869
fixed-d4,26,0.903042,121,226.666667,0.011241,5.061962
fixed-d4,27,0.919342,121,226.666667,0.007278,4.042078
fixed-d4,28,0.919793,121,226.666667,0.007150,4.008233
fixed-d4,29,0.923971,121,226.666667,0.006853,3.680805
fixed-d4,30,0.919456,121,226.666667,0.007390,4.033653
fixed-d4,31,0.924952,121,226.666667,0.006535,3.600946
fixed-d4,32,0.901577,121,226.666667,0.011314,5.133187
fixed-d4,33,0.922623,121,226.666667,0.007156,3.788699
fixed-d4,34,0.912263,121,226.666667,0.008703,4.535512
fixed-d4,35,0.924447,121,226.666667,0.006559,3.642236
fixed-d4,36,0.923365,121,226.666667,0.006718,3.729717
fixed-d4,37,0.913898,121,226.666667,0.008369,4.428140
fixed-d4,38,0.904495,121,226.666667,0.010857,4.987406
fixed-d4,39,0.924430,121,226.666667,0.006732,3.643483
fixed-d4,40,0.917373,121,226.666667,0.007843,4.186938
fixed-d4,41,0.911591,121,226.666667,0.008918,4.578112
fixed-d4,42,0.909977,121,226.666667,0.009067,4.678060
fixed-d4,43,0.906871,121,226.666667,0.010185,4.858804
fixed-d4,44,0.911330,121,226.666667,0.008931,4.594639
fixed-d4,45,0.909248,121,226.666667,0.009491,4.721956
fixed-d4,46,0.913869,121,226.666667,0.008360,4.430161
fixed-d4,47,0.911541,121,226.666667,0.008991,4.581346
fixed-d4,48,0.912369,121,226.666667,0.008850,4.528790
fixed-d4,49,0.913004,121,226.666667,0.008714,4.487681
fixed-d4,50,0.918518,121,226.666667,0.007514,4.103589
fixed-d4,51,0.920881,121,226.666667,0.007117,3.925106
fixed-d4,52,0.913470,121,226.666667,0.008377,4.456632
fixed-d4,53,0.915915,121,226.666667,0.008128,4.290463
fixed-d4,54,0.909784,121,226.666667,0.009268,4.689866
fixed-d4,55,0.920184,121,226.666667,0.007469,3.978512
fixed-d4,56,0.916751,121,226.666667,0.007853,4.231600
fixed-d4,57,0.918428,121,226.666667,0.007384,4.110064
fixed-d4,58,0.920138,121,226.666667,0.007132,3.982029
fixed-d4,59,0.919729,121,226.666667,0.007358,4.012920
fixed-d5,0,0.954075,121,253.333333,0.003521,4.395612
fixed-d5,1,0.951385,121,253.333333,0.003661,4.695240
fixed-d5,2,0.952485,121,253.333333,0.003664,4.577451
fixed-d5,3,0.951754,121,253.333333,0.003686,4.656306
fixed-d5,4,0.949581,121,253.333333,0.003947,4.874797
fixed-d5,5,0.957878,121,253.333333,0.003326,3.906587
fixed-d5,6,0.958727,121,253.333333,0.003137,3.787594
fixed-d5,7,0.949807,121,253.333333,0.004084,4.853488
fixed-d5,8,0.953283,121,253.333333,0.003552,4.487743
fixed-d5,9,0.954003,121,253.333333,0.003462,4.404085
fixed-d5,10,0.958887,121,253.333333,0.003184,3.764870
fixed-d5,11,0.954298,121,253.333333,0.003627,4.369130
fixed-d5,12,0.959278,121,253.333333,0.003199,3.708684
fixed-d5,13,0.955012,121,253.333333,0.003522,4.282184
fixed-d5,14,0.958883,121,253.333333,0.003275,3.765414
fixed-d5,15,0.954519,121,253.333333,0.003389,4.342333
fixed-d5,16,0.959051,121,253.333333,0.003096,3.741378
fixed-d5,17,0.952960,121,253.333333,0.003596,4.524403
fixed-d5,18,0.955055,121,253.333333,0.003376,4.276810
fixed-d5,19,0.951996,121,253.333333,0.003701,4.630748
fixed-d5,20,0.959118,121,253.333333,0.003194,3.731732
fixed-d5,21,0.958439,121,253.333333,0.003179,3.828279
fixed-d5,22,0.951360,121,253.333333,0.003616,4.697636
fixed-d5,23,0.952147,121,253.333333,0.003663,4.614388
fixed-d5,24,0.960023,121,253.333333,0.003196,3.599788
fixed-d5,25,0.952688,121,253.333333,0.003577,4.554967
fixed-d5,26,0.948359,121,253.333333,0.004195,4.987391
fixed-d5,27,0.957190,121,253.333333,0.003231,4.000466
fixed-d5,28,0.957439,121,253.333333,0.003181,3.966823
fixed-d5,29,0.959723,121,253.333333,0.003179,3.644004
fixed-d5,30,0.957255,121,253.333333,0.003290,3.991778
fixed-d5,31,0.960242,121,253.333333,0.003069,3.567557
fixed-d5,32,0.947545,121,253.333333,0.004157,5.057900
fixed-d5,33,0.958991,121,253.333333,0.003279,3.749883
fixed-d5,34,0.953343,121,253.333333,0.003594,4.481067
fixed-d5,35,0.959969,121,253.333333,0.003062,3.607871
fixed-d5,36,0.959380,121,253.333333,0.003105,3.693962
fixed-d5,37,0.954233,121,253.333333,0.003513,4.376774
fixed-d5,38,0.949143,121,253.333333,0.004122,4.916184
fixed-d5,39,0.959969,121,253.333333,0.003136,3.607775
fixed-d5,40,0.956124,121,253.333333,0.003419,4.141333
fixed-d5,41,0.952983,121,253.333333,0.003651,4.521887
fixed-d5,42,0.952086,121,253.333333,0.003668,4.620970
fixed-d5,43,0.950438,121,253.333333,0.003948,4.791786
fixed-d5,44,0.952838,121,253.333333,0.003649,4.538259
fixed-d5,45,0.951705,121,253.333333,0.003805,4.661816
fixed-d5,46,0.954217,121,253.333333,0.003506,4.378629
fixed-d5,47,0.952952,121,253.333333,0.003690,4.525407
fixed-d5,48,0.953411,121,253.333333,0.003654,4.473241
fixed-d5,49,0.953756,121,253.333333,0.003626,4.433360
fixed-d5,50,0.956745,121,253.333333,0.003312,4.060018
fixed-d5,51,0.958033,121,253.333333,0.003204,3.885144
fixed-d5,52,0.954004,121,253.333333,0.003487,4.403966
fixed-d5,53,0.955341,121,253.333333,0.003476,4.241153
fixed-d5,54,0.951991,121,253.333333,0.003737,4.631206
fixed-d5,55,0.957661,121,253.333333,0.003345,3.936414
fixed-d5,56,0.955781,121,253.333333,0.003405,4.185473
fixed-d5,57,0.956690,121,253.333333,0.003249,4.067303
fixed-d5,58,0.957627,121,253.333333,0.003186,3.941143
fixed-d5,59,0.957407,121,253.333333,0.003276,3.971018
fixed-d6,0,0.975930,121,280.000000,0.002161,4.381615
fixed-d6,1,0.974487,121,280.000000,0.002179,4.679799
fixed-d6,2,0.975078,121,280.000000,0.002212,4.562463
fixed-d6,3,0.974686,121,280.000000,0.002202,4.640912
fixed-d6,4,0.973521,121,280.000000,0.002295,4.857586
fixed-d6,5,0.977965,121,280.000000,0.002124,3.894390
fixed-d6,6,0.978416,121,280.000000,0.002021,3.776374
fixed-d6,7,0.973645,121,280.000000,0.002386,4.835935
fixed-d6,8,0.975506,121,280.000000,0.002160,4.473326
fixed-d6,9,0.975891,121,280.000000,0.002121,4.390161
fixed-d6,10,0.978500,121,280.000000,0.002058,3.753840
fixed-d6,11,0.976051,121,280.000000,0.002238,4.355008
fixed-d6,12,0.978709,121,280.000000,0.002077,3.697857
fixed-d6,13,0.976434,121,280.000000,0.002180,4.268214
fixed-d6,14,0.978500,121,280.000000,0.002115,3.753890
fixed-d6,15,0.976167,121,280.000000,0.002089,4.328937
fixed-d6,16,0.978588,121,280.000000,0.002003,3.730532
fixed-d6,17,0.975333,121,280.000000,0.002178,4.509715
fixed-d6,18,0.976455,121,280.000000,0.002090,4.263399
fixed-d6,19,0.974816,121,280.000000,0.002223,4.615445
fixed-d6,20,0.978625,121,280.000000,0.002067,3.720495
fixed-d6,21,0.978261,121,280.000000,0.002045,3.817126
fixed-d6,22,0.974471,121,280.000000,0.002156,4.682678
fixed-d6,23,0.974898,121,280.000000,0.002194,4.598916
fixed-d6,24,0.979108,121,280.000000,0.002087,3.588852
fixed-d6,25,0.975187,121,280.000000,0.002158,4.540111
fixed-d6,26,0.972866,121,280.000000,0.002409,4.968931
fixed-d6,27,0.977595,121,280.000000,0.002050,3.988568
fixed-d6,28,0.977728,121,280.000000,0.002021,3.954941
fixed-d6,29,0.978947,121,280.000000,0.002071,3.633055
fixed-d6,30,0.977630,121,280.000000,0.002091,3.979772
fixed-d6,31,0.979221,121,280.000000,0.002013,3.557522
fixed-d6,32,0.972424,121,280.000000,0.002365,5.039478
fixed-d6,33,0.978558,121,280.000000,0.002120,3.738471
fixed-d6,34,0.975539,121,280.000000,0.002186,4.466428
fixed-d6,35,0.979076,121,280.000000,0.002001,3.597594
fixed-d6,36,0.978762,121,280.000000,0.002017,3.683366
fixed-d6,37,0.976015,121,280.000000,0.002158,4.362784
fixed-d6,38,0.973287,121,280.000000,0.002391,4.898333
fixed-d6,39,0.979078,121,280.000000,0.002048,3.597116
fixed-d6,40,0.977027,121,280.000000,0.002147,4.128504
fixed-d6,41,0.975347,121,280.000000,0.002210,4.506892
fixed-d6,42,0.974863,121,280.000000,0.002205,4.605894
fixed-d6,43,0.973983,121,280.000000,0.002316,4.774692
fixed-d6,44,0.975269,121,280.000000,0.002207,4.523241
fixed-d6,45,0.974661,121,280.000000,0.002277,4.646063
fixed-d6,46,0.976007,121,280.000000,0.002152,4.364598
fixed-d6,47,0.975330,121,280.000000,0.002238,4.510471
fixed-d6,48,0.975577,121,280.000000,0.002223,4.458309
fixed-d6,49,0.975761,121,280.000000,0.002216,4.418654
fixed-d6,50,0.977358,121,280.000000,0.002093,4.047620
fixed-d6,51,0.978045,121,280.000000,0.002050,3.873574
fixed-d6,52,0.975893,121,280.000000,0.002131,4.389702
fixed-d6,53,0.976610,121,280.000000,0.002159,4.227495
fixed-d6,54,0.974814,121,280.000000,0.002243,4.615756
fixed-d6,55,0.977848,121,280.000000,0.002134,3.924282
fixed-d6,56,0.976843,121,280.000000,0.002131,4.172549
fixed-d6,57,0.977328,121,280.000000,0.002051,4.055167
fixed-d6,58,0.977829,121,280.000000,0.002029,3.929376
fixed-d6,59,0.977712,121,280.000000,0.002082,3.959009
fixed-d7,0,0.987504,121,306.666667,0.001661,4.376555
fixed-d7,1,0.986744,121,306.666667,0.001647,4.674358
fixed-d7,2,0.987056,121,306.666667,0.001685,4.557123
fixed-d7,3,0.986849,121,306.666667,0.001668,4.635478
fixed-d7,4,0.986236,121,306.666667,0.001713,4.851642
fixed-d7,5,0.988572,121,306.666667,0.001669,3.889820
fixed-d7,6,0.988808,121,306.666667,0.001595,3.772140
fixed-d7,7,0.986301,121,306.666667,0.001786,4.829853
fixed-d7,8,0.987281,121,306.666667,0.001652,4.468157
fixed-d7,9,0.987483,121,306.666667,0.001629,4.385134
fixed-d7,10,0.988853,121,306.666667,0.001627,3.749667
fixed-d7,11,0.987567,121,306.666667,0.001726,4.349878
fixed-d7,12,0.988962,121,306.666667,0.001647,3.693746
fixed-d7,13,0.987769,121,306.666667,0.001683,4.263123
fixed-d7,14,0.988853,121,306.666667,0.001672,3.749533
fixed-d7,15,0.987628,121,306.666667,0.001610,4.324075
fixed-d7,16,0.988898,121,306.666667,0.001585,3.726423
fixed-d7,17,0.987190,121,306.666667,0.001662,4.504468
fixed-d7,18,0.987779,121,306.666667,0.001614,4.258510
fixed-d7,19,0.986918,121,306.666667,0.001689,4.610011
fixed-d7,20,0.988918,121,306.666667,0.001636,3.716237
fixed-d7,21,0.988727,121,306.666667,0.001614,3.812924
fixed-d7,22,0.986736,121,306.666667,0.001632,4.677406
fixed-d7,23,0.986961,121,306.666667,0.001664,4.593433
fixed-d7,24,0.989171,121,306.666667,0.001660,3.584675
fixed-d7,25,0.987113,121,306.666667,0.001643,4.534815
fixed-d7,26,0.985890,121,306.666667,0.001786,4.962620
fixed-d7,27,0.988378,121,306.666667,0.001604,3.984140
fixed-d7,28,0.988448,121,306.666667,0.001583,3.950511
fixed-d7,29,0.989087,121,306.666667,0.001644,3.628883
fixed-d7,30,0.988396,121,306.666667,0.001638,3.975296
fixed-d7,31,0.989230,121,306.666667,0.001605,3.553676
fixed-d7,32,0.985657,121,306.666667,0.001745,5.033224
fixed-d7,33,0.988883,121,306.666667,0.001677,3.734153
fixed-d7,34,0.987298,121,306.666667,0.001673,4.461173
fixed-d7,35,0.989154,121,306.666667,0.001592,3.593668
fixed-d7,36,0.988990,121,306.666667,0.001599,3.679339
fixed-d7,37,0.987548,121,306.666667,0.001660,4.357724
fixed-d7,38,0.986113,121,306.666667,0.001782,4.892184
fixed-d7,39,0.989155,121,306.666667,0.001628,3.593048
fixed-d7,40,0.988080,121,306.666667,0.001671,4.123774
fixed-d7,41,0.987197,121,306.666667,0.001686,4.501535
fixed-d7,42,0.986942,121,306.666667,0.001676,4.600540
fixed-d7,43,0.986480,121,306.666667,0.001737,4.768743
fixed-d7,44,0.987156,121,306.666667,0.001682,4.517879
fixed-d7,45,0.986836,121,306.666667,0.001726,4.640494
fixed-d7,46,0.987544,121,306.666667,0.001655,4.359524
fixed-d7,47,0.987188,121,306.666667,0.001709,4.505131
fixed-d7,48,0.987318,121,306.666667,0.001700,4.452948
fixed-d7,49,0.987415,121,306.666667,0.001699,4.413352
fixed-d7,50,0.988254,121,306.666667,0.001635,4.043019
fixed-d7,51,0.988614,121,306.666667,0.001612,3.869236
fixed-d7,52,0.987484,121,306.666667,0.001634,4.384560
fixed-d7,53,0.987861,121,306.666667,0.001670,4.222506
fixed-d7,54,0.986917,121,306.666667,0.001703,4.610277
fixed-d7,55,0.988511,121,306.666667,0.001675,3.919745
fixed-d7,56,0.987983,121,306.666667,0.001656,4.167795
fixed-d7,57,0.988237,121,306.666667,0.001601,4.050670
fixed-d7,58,0.988500,121,306.666667,0.001591,3.924980
fixed-d7,59,0.988439,121,306.666667,0.001632,3.954534
fixed-d8,0,0.993547,121,333.333333,0.001447,4.374401
fixed-d8,1,0.993151,121,333.333333,0.001422,4.672074
fixed-d8,2,0.993314,121,333.333333,0.001460,4.554868
fixed-d8,3,0.993206,121,333.333333,0.001441,4.633195
fixed-d8,4,0.992887,121,333.333333,0.001469,4.849175
fixed-d8,5,0.994102,121,333.333333,0.001470,3.887835
fixed-d8,6,0.994224,121,333.333333,0.001408,3.770294
fixed-d8,7,0.992921,121,333.333333,0.001533,4.827324
fixed-d8,8,0.993431,121,333.333333,0.001434,4.465967
fixed-d8,9,0.993536,121,333.333333,0.001417,4.382995
fixed-d8,10,0.994247,121,333.333333,0.001438,3.747846
fixed-d8,11,0.993580,121,333.333333,0.001505,4.347688
fixed-d8,12,0.994304,121,333.333333,0.001458,3.691947
fixed-d8,13,0.993684,121,333.333333,0.001469,4.260946
fixed-d8,14,0.994247,121,333.333333,0.001477,3.747632
fixed-d8,15,0.993611,121,333.333333,0.001403,4.322000
fixed-d8,16,0.994271,121,333.333333,0.001401,3.724628
fixed-d8,17,0.993383,121,333.333333,0.001442,4.502249
fixed-d8,18,0.993690,121,333.333333,0.001408,4.256419
fixed-d8,19,0.993242,121,333.333333,0.001461,4.607720
fixed-d8,20,0.994281,121,333.333333,0.001446,3.714376
fixed-d8,21,0.994182,121,333.333333,0.001424,3.811094
fixed-d8,22,0.993147,121,333.333333,0.001409,4.675194
fixed-d8,23,0.993264,121,333.333333,0.001439,4.591125
fixed-d8,24,0.994413,121,333.333333,0.001472,3.582843
fixed-d8,25,0.993343,121,333.333333,0.001424,4.532578
fixed-d8,26,0.992707,121,333.333333,0.001526,4.960014
fixed-d8,27,0.994001,121,333.333333,0.001410,3.982225
fixed-d8,28,0.994037,121,333.333333,0.001392,3.948592
fixed-d8,29,0.994369,121,333.333333,0.001457,3.627056
fixed-d8,30,0.994010,121,333.333333,0.001441,3.973358
fixed-d8,31,0.994443,121,333.333333,0.001424,3.551986
fixed-d8,32,0.992585,121,333.333333,0.001487,5.030653
fixed-d8,33,0.994263,121,333.333333,0.001483,3.732268
fixed-d8,34,0.993440,121,333.333333,0.001453,4.458945
fixed-d8,35,0.994404,121,333.333333,0.001411,3.591945
fixed-d8,36,0.994318,121,333.333333,0.001416,3.677578
fixed-d8,37,0.993570,121,333.333333,0.001445,4.355569
fixed-d8,38,0.992823,121,333.333333,0.001527,4.889635
fixed-d8,39,0.994404,121,333.333333,0.001443,3.591264
fixed-d8,40,0.993846,121,333.333333,0.001465,4.121738
fixed-d8,41,0.993387,121,333.333333,0.001462,4.499269
fixed-d8,42,0.993255,121,333.333333,0.001451,4.598283
fixed-d8,43,0.993014,121,333.333333,0.001493,4.766264
fixed-d8,44,0.993366,121,333.333333,0.001459,4.515613
fixed-d8,45,0.993199,121,333.333333,0.001492,4.638153
fixed-d8,46,0.993568,121,333.333333,0.001441,4.357364
fixed-d8,47,0.993383,121,333.333333,0.001483,4.502872
fixed-d8,48,0.993450,121,333.333333,0.001477,4.450675
fixed-d8,49,0.993501,121,333.333333,0.001477,4.411098
fixed-d8,50,0.993936,121,333.333333,0.001435,4.041032
fixed-d8,51,0.994123,121,333.333333,0.001420,3.867353
fixed-d8,52,0.993537,121,333.333333,0.001421,4.382375
fixed-d8,53,0.993732,121,333.333333,0.001459,4.220370
fixed-d8,54,0.993241,121,333.333333,0.001474,4.607969
fixed-d8,55,0.994070,121,333.333333,0.001475,3.917777
fixed-d8,56,0.993796,121,333.333333,0.001450,4.165752
fixed-d8,57,0.993928,121,333.333333,0.001405,4.048730
fixed-d8,58,0.994064,121,333.333333,0.001400,3.923075
fixed-d8,59,0.994033,121,333.333333,0.001435,3.952597
fixed-d9,0,0.996677,121,360.000000,0.001346,4.373399
fixed-d9,1,0.996472,121,360.000000,0.001317,4.671019
fixed-d9,2,0.996556,121,360.000000,0.001355,4.553823
fixed-d9,3,0.996501,121,360.000000,0.001335,4.632140
fixed-d9,4,0.996336,121,360.000000,0.001356,4.848042
fixed-d9,5,0.996963,121,360.000000,0.001376,3.886902
fixed-d9,6,0.997027,121,360.000000,0.001320,3.769425
fixed-d9,7,0.996353,121,360.000000,0.001416,4.826161
fixed-d9,8,0.996617,121,360.000000,0.001333,4.464950
fixed-d9,9,0.996671,121,360.000000,0.001318,4.382000
fixed-d9,10,0.997038,121,360.000000,0.001349,3.746987
fixed-d9,11,0.996694,121,360.000000,0.001402,4.346667
fixed-d9,12,0.997068,121,360.000000,0.001368,3.691098
fixed-d9,13,0.996748,121,360.000000,0.001368,4.259931
fixed-d9,14,0.997039,121,360.000000,0.001385,3.746735
fixed-d9,15,0.996710,121,360.000000,0.001307,4.321034
fixed-d9,16,0.997051,121,360.000000,0.001314,3.723781
fixed-d9,17,0.996592,121,360.000000,0.001339,4.501219
fixed-d9,18,0.996751,121,360.000000,0.001312,4.255443
fixed-d9,19,0.996519,121,360.000000,0.001355,4.606660
fixed-d9,20,0.997056,121,360.000000,0.001357,3.713498
fixed-d9,21,0.997005,121,360.000000,0.001335,3.810232
fixed-d9,22,0.996470,121,360.000000,0.001306,4.674172
fixed-d9,23,0.996531,121,360.000000,0.001334,4.590057
fixed-d9,24,0.997124,121,360.000000,0.001382,3.581976
fixed-d9,25,0.996572,121,360.000000,0.001321,4.531541
fixed-d9,26,0.996243,121,360.000000,0.001406,4.958821
fixed-d9,27,0.996911,121,360.000000,0.001319,3.981326
fixed-d9,28,0.996930,121,360.000000,0.001302,3.947691
fixed-d9,29,0.997101,121,360.000000,0.001368,3.626192
fixed-d9,30,0.996916,121,360.000000,0.001348,3.972447
fixed-d9,31,0.997140,121,360.000000,0.001339,3.551186
fixed-d9,32,0.996179,121,360.000000,0.001368,5.029478
fixed-d9,33,0.997047,121,360.000000,0.001390,3.731379
fixed-d9,34,0.996621,121,360.000000,0.001350,4.457910
fixed-d9,35,0.997119,121,360.000000,0.001326,3.591130
fixed-d9,36,0.997075,121,360.000000,0.001329,3.676746
fixed-d9,37,0.996689,121,360.000000,0.001345,4.354566
fixed-d9,38,0.996302,121,360.000000,0.001409,4.888466
fixed-d9,39,0.997120,121,360.000000,0.001356,3.590420
fixed-d9,40,0.996831,121,360.000000,0.001368,4.120786
fixed-d9,41,0.996594,121,360.000000,0.001358,4.498218
fixed-d9,42,0.996526,121,360.000000,0.001346,4.597238
fixed-d9,43,0.996401,121,360.000000,0.001380,4.765122
fixed-d9,44,0.996583,121,360.000000,0.001354,4.514562
fixed-d9,45,0.996497,121,360.000000,0.001383,4.637070
fixed-d9,46,0.996688,121,360.000000,0.001341,4.356359
fixed-d9,47,0.996592,121,360.000000,0.001377,4.501824
fixed-d9,48,0.996627,121,360.000000,0.001372,4.449619
fixed-d9,49,0.996653,121,360.000000,0.001374,4.410050
fixed-d9,50,0.996878,121,360.000000,0.001341,4.040100
fixed-d9,51,0.996975,121,360.000000,0.001330,3.866467
fixed-d9,52,0.996671,121,360.000000,0.001321,4.381359
fixed-d9,53,0.996773,121,360.000000,0.001360,4.219373
fixed-d9,54,0.996519,121,360.000000,0.001367,4.606901
fixed-d9,55,0.996947,121,360.000000,0.001380,3.916852
fixed-d9,56,0.996805,121,360.000000,0.001353,4.164796
fixed-d9,57,0.996874,121,360.000000,0.001313,4.047820
fixed-d9,58,0.996944,121,360.000000,0.001310,3.922179
fixed-d9,59,0.996928,121,360.000000,0.001342,3.951688
