item_id,system,field,coderA_raw,proposed_code,codebook_hint,flagged,confirmed_code,rationale
LUDI_1,Ludilearn,construct,身份/自主,IDENTITY_AUTONOMY,含学习者自身成就/进展反馈→ACHIEVEMENT；纯促活无成就反馈→ENGAGEMENT；个性化/自主→IDENTITY_AUTONOMY；排行/名次/分组→SOCIAL；计时/限时→TEMPORAL；防作弊/限速/规则→COMPLIANCE,,,
LUDI_1,Ludilearn,channel,头像定制,VISUAL_CUSTOMIZATION,闭集13类：VISUAL_CUSTOMIZATION|BADGE|PROGRESS_BAR|LEADERBOARD|SCORE_PANEL|TIMER|CHEATGUARD|GROUPING|LEVEL_INFO|NOTIFICATION|RATE_LIMIT|RULE_ENGINE|XP_STATE,,,
LUDI_2,Ludilearn,construct,成就/表现,ACHIEVEMENT,含学习者自身成就/进展反馈→ACHIEVEMENT；纯促活无成就反馈→ENGAGEMENT；个性化/自主→IDENTITY_AUTONOMY；排行/名次/分组→SOCIAL；计时/限时→TEMPORAL；防作弊/限速/规则→COMPLIANCE,,,
LUDI_2,Ludilearn,channel,徽章图,BADGE,闭集13类：VISUAL_CUSTOMIZATION|BADGE|PROGRESS_BAR|LEADERBOARD|SCORE_PANEL|TIMER|CHEATGUARD|GROUPING|LEVEL_INFO|NOTIFICATION|RATE_LIMIT|RULE_ENGINE|XP_STATE,,,
LUDI_3,Ludilearn,construct,进度/坚持,ACHIEVEMENT,含学习者自身成就/进展反馈→ACHIEVEMENT；纯促活无成就反馈→ENGAGEMENT；个性化/自主→IDENTITY_AUTONOMY；排行/名次/分组→SOCIAL；计时/限时→TEMPORAL；防作弊/限速/规则→COMPLIANCE,,,
LUDI_3,Ludilearn,channel,进度条,PROGRESS_BAR,闭集13类：VISUAL_CUSTOMIZATION|BADGE|PROGRESS_BAR|LEADERBOARD|SCORE_PANEL|TIMER|CHEATGUARD|GROUPING|LEVEL_INFO|NOTIFICATION|RATE_LIMIT|RULE_ENGINE|XP_STATE,,,
LUDI_4,Ludilearn,construct,社交比较,SOCIAL,含学习者自身成就/进展反馈→ACHIEVEMENT；纯促活无成就反馈→ENGAGEMENT；个性化/自主→IDENTITY_AUTONOMY；排行/名次/分组→SOCIAL；计时/限时→TEMPORAL；防作弊/限速/规则→COMPLIANCE,,,
LUDI_4,Ludilearn,channel,排行榜,LEADERBOARD,闭集13类：VISUAL_CUSTOMIZATION|BADGE|PROGRESS_BAR|LEADERBOARD|SCORE_PANEL|TIMER|CHEATGUARD|GROUPING|LEVEL_INFO|NOTIFICATION|RATE_LIMIT|RULE_ENGINE|XP_STATE,,,
LUDI_5,Ludilearn,construct,参与度/表现,ACHIEVEMENT,含学习者自身成就/进展反馈→ACHIEVEMENT；纯促活无成就反馈→ENGAGEMENT；个性化/自主→IDENTITY_AUTONOMY；排行/名次/分组→SOCIAL；计时/限时→TEMPORAL；防作弊/限速/规则→COMPLIANCE,YES,,
LUDI_5,Ludilearn,channel,数值面板,SCORE_PANEL,闭集13类：VISUAL_CUSTOMIZATION|BADGE|PROGRESS_BAR|LEADERBOARD|SCORE_PANEL|TIMER|CHEATGUARD|GROUPING|LEVEL_INFO|NOTIFICATION|RATE_LIMIT|RULE_ENGINE|XP_STATE,,,
LUDI_6,Ludilearn,construct,时长/节奏,TEMPORAL,含学习者自身成就/进展反馈→ACHIEVEMENT；纯促活无成就反馈→ENGAGEMENT；个性化/自主→IDENTITY_AUTONOMY；排行/名次/分组→SOCIAL；计时/限时→TEMPORAL；防作弊/限速/规则→COMPLIANCE,,,
LUDI_6,Ludilearn,channel,计时器+扣分,TIMER,闭集13类：VISUAL_CUSTOMIZATION|BADGE|PROGRESS_BAR|LEADERBOARD|SCORE_PANEL|TIMER|CHEATGUARD|GROUPING|LEVEL_INFO|NOTIFICATION|RATE_LIMIT|RULE_ENGINE|XP_STATE,,,
LUXP_1,Level Up XP,construct,成就,ACHIEVEMENT,含学习者自身成就/进展反馈→ACHIEVEMENT；纯促活无成就反馈→ENGAGEMENT；个性化/自主→IDENTITY_AUTONOMY；排行/名次/分组→SOCIAL；计时/限时→TEMPORAL；防作弊/限速/规则→COMPLIANCE,,,
LUXP_1,Level Up XP,channel,徽章,BADGE,闭集13类：VISUAL_CUSTOMIZATION|BADGE|PROGRESS_BAR|LEADERBOARD|SCORE_PANEL|TIMER|CHEATGUARD|GROUPING|LEVEL_INFO|NOTIFICATION|RATE_LIMIT|RULE_ENGINE|XP_STATE,,,
LUXP_2,Level Up XP,construct,合规,COMPLIANCE,含学习者自身成就/进展反馈→ACHIEVEMENT；纯促活无成就反馈→ENGAGEMENT；个性化/自主→IDENTITY_AUTONOMY；排行/名次/分组→SOCIAL；计时/限时→TEMPORAL；防作弊/限速/规则→COMPLIANCE,,,
LUXP_2,Level Up XP,channel,防作弊拦截,CHEATGUARD,闭集13类：VISUAL_CUSTOMIZATION|BADGE|PROGRESS_BAR|LEADERBOARD|SCORE_PANEL|TIMER|CHEATGUARD|GROUPING|LEVEL_INFO|NOTIFICATION|RATE_LIMIT|RULE_ENGINE|XP_STATE,,,
LUXP_3,Level Up XP,construct,社交分层,SOCIAL,含学习者自身成就/进展反馈→ACHIEVEMENT；纯促活无成就反馈→ENGAGEMENT；个性化/自主→IDENTITY_AUTONOMY；排行/名次/分组→SOCIAL；计时/限时→TEMPORAL；防作弊/限速/规则→COMPLIANCE,,,
LUXP_3,Level Up XP,channel,分组,GROUPING,闭集13类：VISUAL_CUSTOMIZATION|BADGE|PROGRESS_BAR|LEADERBOARD|SCORE_PANEL|TIMER|CHEATGUARD|GROUPING|LEVEL_INFO|NOTIFICATION|RATE_LIMIT|RULE_ENGINE|XP_STATE,,,
LUXP_4,Level Up XP,construct,社交比较,SOCIAL,含学习者自身成就/进展反馈→ACHIEVEMENT；纯促活无成就反馈→ENGAGEMENT；个性化/自主→IDENTITY_AUTONOMY；排行/名次/分组→SOCIAL；计时/限时→TEMPORAL；防作弊/限速/规则→COMPLIANCE,,,
LUXP_4,Level Up XP,channel,排行榜,LEADERBOARD,闭集13类：VISUAL_CUSTOMIZATION|BADGE|PROGRESS_BAR|LEADERBOARD|SCORE_PANEL|TIMER|CHEATGUARD|GROUPING|LEVEL_INFO|NOTIFICATION|RATE_LIMIT|RULE_ENGINE|XP_STATE,,,
LUXP_5,Level Up XP,construct,胜任/进度,ACHIEVEMENT,含学习者自身成就/进展反馈→ACHIEVEMENT；纯促活无成就反馈→ENGAGEMENT；个性化/自主→IDENTITY_AUTONOMY；排行/名次/分组→SOCIAL；计时/限时→TEMPORAL；防作弊/限速/规则→COMPLIANCE,,,
LUXP_5,Level Up XP,channel,进度+等级,LEVEL_INFO,闭集13类：VISUAL_CUSTOMIZATION|BADGE|PROGRESS_BAR|LEADERBOARD|SCORE_PANEL|TIMER|CHEATGUARD|GROUPING|LEVEL_INFO|NOTIFICATION|RATE_LIMIT|RULE_ENGINE|XP_STATE,,,
LUXP_6,Level Up XP,construct,参与度,ENGAGEMENT,含学习者自身成就/进展反馈→ACHIEVEMENT；纯促活无成就反馈→ENGAGEMENT；个性化/自主→IDENTITY_AUTONOMY；排行/名次/分组→SOCIAL；计时/限时→TEMPORAL；防作弊/限速/规则→COMPLIANCE,,,
LUXP_6,Level Up XP,channel,弹窗通知,NOTIFICATION,闭集13类：VISUAL_CUSTOMIZATION|BADGE|PROGRESS_BAR|LEADERBOARD|SCORE_PANEL|TIMER|CHEATGUARD|GROUPING|LEVEL_INFO|NOTIFICATION|RATE_LIMIT|RULE_ENGINE|XP_STATE,,,
LUXP_7,Level Up XP,construct,参与度,ENGAGEMENT,含学习者自身成就/进展反馈→ACHIEVEMENT；纯促活无成就反馈→ENGAGEMENT；个性化/自主→IDENTITY_AUTONOMY；排行/名次/分组→SOCIAL；计时/限时→TEMPORAL；防作弊/限速/规则→COMPLIANCE,,,
LUXP_7,Level Up XP,channel,促销横幅,NOTIFICATION,闭集13类：VISUAL_CUSTOMIZATION|BADGE|PROGRESS_BAR|LEADERBOARD|SCORE_PANEL|TIMER|CHEATGUARD|GROUPING|LEVEL_INFO|NOTIFICATION|RATE_LIMIT|RULE_ENGINE|XP_STATE,,,
LUXP_8,Level Up XP,construct,社交比较,SOCIAL,含学习者自身成就/进展反馈→ACHIEVEMENT；纯促活无成就反馈→ENGAGEMENT；个性化/自主→IDENTITY_AUTONOMY；排行/名次/分组→SOCIAL；计时/限时→TEMPORAL；防作弊/限速/规则→COMPLIANCE,,,
LUXP_8,Level Up XP,channel,名次,LEADERBOARD,闭集13类：VISUAL_CUSTOMIZATION|BADGE|PROGRESS_BAR|LEADERBOARD|SCORE_PANEL|TIMER|CHEATGUARD|GROUPING|LEVEL_INFO|NOTIFICATION|RATE_LIMIT|RULE_ENGINE|XP_STATE,,,
LUXP_9,Level Up XP,construct,行为速率,COMPLIANCE,含学习者自身成就/进展反馈→ACHIEVEMENT；纯促活无成就反馈→ENGAGEMENT；个性化/自主→IDENTITY_AUTONOMY；排行/名次/分组→SOCIAL；计时/限时→TEMPORAL；防作弊/限速/规则→COMPLIANCE,,,
LUXP_9,Level Up XP,channel,限流窗口,RATE_LIMIT,闭集13类：VISUAL_CUSTOMIZATION|BADGE|PROGRESS_BAR|LEADERBOARD|SCORE_PANEL|TIMER|CHEATGUARD|GROUPING|LEVEL_INFO|NOTIFICATION|RATE_LIMIT|RULE_ENGINE|XP_STATE,,,
LUXP_10,Level Up XP,construct,行为触发,COMPLIANCE,含学习者自身成就/进展反馈→ACHIEVEMENT；纯促活无成就反馈→ENGAGEMENT；个性化/自主→IDENTITY_AUTONOMY；排行/名次/分组→SOCIAL；计时/限时→TEMPORAL；防作弊/限速/规则→COMPLIANCE,,,
LUXP_10,Level Up XP,channel,规则引擎,RULE_ENGINE,闭集13类：VISUAL_CUSTOMIZATION|BADGE|PROGRESS_BAR|LEADERBOARD|SCORE_PANEL|TIMER|CHEATGUARD|GROUPING|LEVEL_INFO|NOTIFICATION|RATE_LIMIT|RULE_ENGINE|XP_STATE,,,
LUXP_11,Level Up XP,construct,参与度,ENGAGEMENT,含学习者自身成就/进展反馈→ACHIEVEMENT；纯促活无成就反馈→ENGAGEMENT；个性化/自主→IDENTITY_AUTONOMY；排行/名次/分组→SOCIAL；计时/限时→TEMPORAL；防作弊/限速/规则→COMPLIANCE,YES,,
LUXP_11,Level Up XP,channel,数值,SCORE_PANEL,闭集13类：VISUAL_CUSTOMIZATION|BADGE|PROGRESS_BAR|LEADERBOARD|SCORE_PANEL|TIMER|CHEATGUARD|GROUPING|LEVEL_INFO|NOTIFICATION|RATE_LIMIT|RULE_ENGINE|XP_STATE,YES,,
