system,item_id,target_construct,direction,channel,coder,source_anchor
Ludilearn,LUDI_1,身份/自主,approach,头像定制,coderB,lang/en/format_ludilearn.php:202 settings:avatardescription
Ludilearn,LUDI_2,社交比较,approach,徽章图,coderB,lang/en/format_ludilearn.php:194 settings:badgedescription
Ludilearn,LUDI_3,进度/坚持,approach,进度条,coderB,lang/en/format_ludilearn.php:198 settings:progressiondescription
Ludilearn,LUDI_4,社交比较,approach,排行榜,coderB,lang/en/format_ludilearn.php:133 ranking
Ludilearn,LUDI_5,社交比较,approach,分数,coderB,lang/en/format_ludilearn.php:189 settings:scoredescription
Ludilearn,LUDI_6,时长/节奏,neutral,计时器,coderB,classes/local/gameelements/timer.php:46 DEFAULT_PENALTIES=20
Level Up XP,LUXP_1,身份/自主,neutral,徽章管理,coderB,classes/local/badge/badge_manager.php
Level Up XP,LUXP_10,合规,neutral,规则引擎,coderB,"classes/local/rule/the_dictator.php, ruletype/*.php"
Level Up XP,LUXP_11,成就/表现,approach,经验状态,coderB,"classes/local/xp/state.php, user_state.php"
Level Up XP,LUXP_2,合规,withdraw,防作弊拦截,coderB,classes/form/cheatguard.php
Level Up XP,LUXP_3,身份/自主,neutral,分组,coderB,classes/local/division/group_division.php
Level Up XP,LUXP_4,社交比较,approach,课程排行榜,coderB,classes/local/leaderboard/course_user_leaderboard.php
Level Up XP,LUXP_5,成就/表现,approach,等级,coderB,"classes/local/xp/levels_info.php, level.php"
Level Up XP,LUXP_6,成就/表现,approach,升级通知服务,coderB,classes/local/notification/course_level_up_notification_service.php
Level Up XP,LUXP_7,社交比较,neutral,促销横幅,coderB,classes/form/promo.php
Level Up XP,LUXP_8,社交比较,approach,名次,coderB,"classes/local/xp/rank.php, state_rank.php"
Level Up XP,LUXP_9,合规,withdraw,限流窗口,coderB,classes/local/ruletype/limit_spec.php（H/D/W/M 窗口 + timesallowed）
